jour,gain_fcr_eur,gain_afrr_symetrique_eur,gain_afrr_hausse_eur,gain_afrr_baisse_eur,gain_mfrr_hausse_eur,gain_mfrr_baisse_eur,gain_total_eur
2021-06-01,,,,,29.759999999999998,,29.759999999999998
2021-06-02,,,,,29.759999999999998,,29.759999999999998
2021-06-03,,,,,29.759999999999998,,29.759999999999998
2021-06-04,,,,,35.49,,35.49
2021-06-05,,,,,41.25,,41.25
2021-06-06,,,,,52.74,,52.74
2021-06-07,,,,,49.935,,49.935
2021-06-08,,,,,99.32000000000001,,99.32000000000001
2021-06-09,,,,,65.46000000000001,,65.46000000000001
2021-06-10,,,,,94.885,,94.885
2021-06-11,,,,,30.1,,30.1
2021-06-12,,,,,12.57,,12.57
2021-06-13,,,,,12.48,,12.48
2021-06-14,,,,,29.669999999999998,,29.669999999999998
2021-06-15,,,,,29.759999999999998,,29.759999999999998
2021-06-16,,,,,89.925,,89.925
2021-06-17,,,,,30.075,,30.075
2021-06-18,,,,,29.759999999999998,,29.759999999999998
2021-06-19,,,,,21.165,,21.165
2021-06-20,,,,,12.525,,12.525
2021-06-21,,,,,12.48,,12.48
2021-06-22,,,,,12.48,,12.48
2021-06-23,,,,,55.455,,55.455
2021-06-24,,,,,29.895,,29.895
2021-06-25,,,,,19.255000000000003,,19.255000000000003
2021-06-26,,,,,29.705,,29.705
2021-06-27,,,,,29.759999999999998,,29.759999999999998
2021-06-28,,,,,29.759999999999998,,29.759999999999998
2021-06-29,,,,,29.759999999999998,,29.759999999999998
2021-06-30,,,,,29.759999999999998,,29.759999999999998
2021-07-01,,,,,57.455,,57.455
2021-07-02,,,,,29.905,,29.905
2021-07-03,,,,,58.41,,58.41
2021-07-04,,,,,65.245,,65.245
2021-07-05,,,,,90.11,,90.11
2021-07-06,,,,,90.24,,90.24
2021-07-07,,,,,90.24,,90.24
2021-07-08,,,,,90.24,,90.24
2021-07-09,,,,,33.894999999999996,,33.894999999999996
2021-07-10,,,,,89.945,,89.945
2021-07-11,,,,,30.075,,30.075
2021-07-12,,,,,37.4,,37.4
2021-07-13,,,,,39.339999999999996,,39.339999999999996
2021-07-14,,,,,29.81,,29.81
2021-07-15,,,,,41.22,,41.22
2021-07-16,,,,,29.82,,29.82
2021-07-17,,,,,12.57,,12.57
2021-07-18,,,,,15.345,,15.345
2021-07-19,,,,,29.685,,29.685
2021-07-20,,,,,29.759999999999998,,29.759999999999998
2021-07-21,,,,,29.759999999999998,,29.759999999999998
2021-07-22,,,,,29.759999999999998,,29.759999999999998
2021-07-23,,,,,29.759999999999998,,29.759999999999998
2021-07-24,,,,,29.759999999999998,,29.759999999999998
2021-07-25,,,,,0.31,,0.31
2021-07-26,,,,,29.759999999999998,,29.759999999999998
2021-07-27,,,,,29.759999999999998,,29.759999999999998
2021-07-28,,,,,29.759999999999998,,29.759999999999998
2021-07-29,,,,,23.075,,23.075
2021-07-30,,,,,29.725,,29.725
2021-07-31,,,,,3.0199999999999996,,3.0199999999999996
2021-08-01,,,,,7.655,,7.655
2021-08-02,,,,,29.645,,29.645
2021-08-03,,,,,29.759999999999998,,29.759999999999998
2021-08-04,,,,,29.759999999999998,,29.759999999999998
2021-08-05,,,,,29.759999999999998,,29.759999999999998
2021-08-06,,,,,5.885,,5.885
2021-08-07,,,,,1.94,,1.94
2021-08-08,,,,,9.56,,9.56
2021-08-09,,,,,43.980000000000004,,43.980000000000004
2021-08-10,,,,,29.91,,29.91
2021-08-11,,,,,29.759999999999998,,29.759999999999998
2021-08-12,,,,,83.24,,83.24
2021-08-13,,,,,153.235,,153.235
2021-08-14,,,,,23.72,,23.72
2021-08-15,,,,,12.535,,12.535
2021-08-16,,,,,22.03,,22.03
2021-08-17,,,,,24.93,,24.93
2021-08-18,,,,,89.89999999999999,,89.89999999999999
2021-08-19,,,,,62.545,,62.545
2021-08-20,,,,,38.525000000000006,,38.525000000000006
2021-08-21,,,,,37.445,,37.445
2021-08-22,,,,,10.7,,10.7
2021-08-23,,,,,55.44499999999999,,55.44499999999999
2021-08-24,,,,,38.580000000000005,,38.580000000000005
2021-08-25,,,,,28.849999999999998,,28.849999999999998
2021-08-26,,,,,45.035,,45.035
2021-08-27,,,,,29.84,,29.84
2021-08-28,,,,,29.759999999999998,,29.759999999999998
2021-08-29,,,,,29.759999999999998,,29.759999999999998
2021-08-30,,,,,29.759999999999998,,29.759999999999998
2021-08-31,,,,,42.11,,42.11
2021-09-01,,,,,44.15,,44.15
2021-09-02,,,,,90.0,,90.0
2021-09-03,,,,,45.355,,45.355
2021-09-04,,,,,29.84,,29.84
2021-09-05,,,,,29.759999999999998,,29.759999999999998
2021-09-06,,,,,89.925,,89.925
2021-09-07,,,,,90.24,,90.24
2021-09-08,,,,,55.86,,55.86
2021-09-09,,,,,90.05999999999999,,90.05999999999999
2021-09-10,,,,,90.24,,90.24
2021-09-11,,,,,42.49,,42.49
2021-09-12,,,,,44.15,,44.15
2021-09-13,,,,,90.0,,90.0
2021-09-14,,,,,90.24,,90.24
2021-09-15,,,,,90.24,,90.24
2021-09-16,,,,,90.24,,90.24
2021-09-17,,,,,90.24,,90.24
2021-09-18,,,,,90.24,,90.24
2021-09-19,,,,,40.58,,40.58
2021-09-20,,,,,99.53,,99.53
2021-09-21,,,,,99.84,,99.84
2021-09-22,,,,,90.28999999999999,,90.28999999999999
2021-09-23,,,,,90.24,,90.24
2021-09-24,,,,,99.79,,99.79
2021-09-25,,,,,99.84,,99.84
2021-09-26,,,,,99.84,,99.84
2021-09-27,,,,,336.68,,336.68
2021-09-28,,,,,131.77,,131.77
2021-09-29,,,,,129.60000000000002,,129.60000000000002
2021-09-30,,,,,99.995,,99.995
2021-10-01,,,,,129.44500000000002,,129.44500000000002
2021-10-02,,,,,41.74,,41.74
2021-10-03,,,,,18.36,,18.36
2021-10-04,,,,,81.27,,81.27
2021-10-05,,,,,41.7,,41.7
2021-10-06,,,,,42.235,,42.235
2021-10-07,,,,,99.54,,99.54
2021-10-08,,,,,90.28999999999999,,90.28999999999999
2021-10-09,,,,,31.985000000000003,,31.985000000000003
2021-10-10,,,,,10.67,,10.67
2021-10-11,,,,,47.805,,47.805
2021-10-12,,,,,29.0,,29.0
2021-10-13,,,,,47.9,,47.9
2021-10-14,,,,,0.5,,0.5
2021-10-15,,,,,29.759999999999998,,29.759999999999998
2021-10-16,,,,,29.759999999999998,,29.759999999999998
2021-10-17,,,,,29.759999999999998,,29.759999999999998
2021-10-18,,,,,37.4,,37.4
2021-10-19,,,,,29.84,,29.84
2021-10-20,,,,,25.94,,25.94
2021-10-21,,,,,29.74,,29.74
2021-10-22,,,,,40.265,,40.265
2021-10-23,,,,,29.815,,29.815
2021-10-24,,,,,30.715,,30.715
2021-10-25,,,,,29.765,,29.765
2021-10-26,,,,,12.66,,12.66
2021-10-27,,,,,12.48,,12.48
2021-10-28,,,,,30.625,,30.625
2021-10-29,,,,,29.765,,29.765
2021-10-30,,,,,0.155,,0.155
2021-10-31,,,,,0.0,,0.0
2021-11-01,,,,,5.7299999999999995,,5.7299999999999995
2021-11-02,,,,,23.905,,23.905
2021-11-03,,,,,25.91,,25.91
2021-11-04,,,,,21.145,,21.145
2021-11-05,,,,,39.265,,39.265
2021-11-06,,,,,20.259999999999998,,20.259999999999998
2021-11-07,,,,,20.16,,20.16
2021-11-08,,,,,27.799999999999997,,27.799999999999997
2021-11-09,,,,,27.839999999999996,,27.839999999999996
2021-11-10,,,,,29.75,,29.75
2021-11-11,,,,,20.21,,20.21
2021-11-12,,,,,29.71,,29.71
2021-11-13,,,,,3.0199999999999996,,3.0199999999999996
2021-11-14,,,,,29.62,,29.62
2021-11-15,,,,,97.565,,97.565
2021-11-16,,,,,30.115,,30.115
2021-11-17,,,,,28.805,,28.805
2021-11-18,,,,,29.755,,29.755
2021-11-19,,,,,27.849999999999998,,27.849999999999998
2021-11-20,,,,,27.839999999999996,,27.839999999999996
2021-11-21,,,,,16.380000000000003,,16.380000000000003
2021-11-22,,,,,27.779999999999998,,27.779999999999998
2021-11-23,,,,,7.785,,7.785
2021-11-24,,,,,40.15,,40.15
2021-11-25,,,,,1108.965,,1108.965
2021-11-26,,,,,68.83500000000001,,68.83500000000001
2021-11-27,,,,,0.33,,0.33
2021-11-28,,,,,20.055,,20.055
2021-11-29,,,,,721.13,,721.13
2021-11-30,,,,,21.92,,21.92
2021-12-01,,,,,9.645000000000001,,9.645000000000001
2021-12-02,,,,,65.945,,65.945
2021-12-03,,,,,223.815,,223.815
2021-12-04,,,,,4.035,,4.035
2021-12-05,,,,,16.25,,16.25
2021-12-06,,,,,90.81,,90.81
2021-12-07,,,,,17.665,,17.665
2021-12-08,,,,,2.955,,2.955
2021-12-09,,,,,20.07,,20.07
2021-12-10,,,,,65.045,,65.045
2021-12-11,,,,,0.34,,0.34
2021-12-12,,,,,2.8649999999999998,,2.8649999999999998
2021-12-13,,,,,6.700000000000001,,6.700000000000001
2021-12-14,,,,,12.450000000000001,,12.450000000000001
2021-12-15,,,,,2.9299999999999997,,2.9299999999999997
2021-12-16,,,,,0.015,,0.015
2021-12-17,,,,,7.640000000000001,,7.640000000000001
2021-12-18,,,,,0.04,,0.04
2021-12-19,,,,,0.0,,0.0
2021-12-20,,,,,144.205,,144.205
2021-12-21,,,,,3.62,,3.62
2021-12-22,,,,,2.88,,2.88
2021-12-23,,,,,7.655,,7.655
2021-12-24,,,,,7.68,,7.68
2021-12-25,,,,,0.04,,0.04
2021-12-26,,,,,0.0,,0.0
2021-12-27,,,,,0.0,,0.0
2021-12-28,,,,,0.0,,0.0
2021-12-29,,,,,0.0,,0.0
2021-12-30,,,,,0.0,,0.0
2021-12-31,,,,,12.415000000000001,,12.415000000000001
2022-01-01,1028.0,,,,2.9299999999999997,,1030.93
2022-01-02,1287.025,,,,0.015,,1287.0400000000002
2022-01-03,1309.605,,,,0.0,,1309.605
2022-01-04,816.72,,,,0.0,,816.72
2022-01-05,1005.73,,,,37.245000000000005,,1042.975
2022-01-06,668.76,,,,12.610000000000001,,681.37
2022-01-07,670.9250000000001,,,,26.805000000000003,,697.73
2022-01-08,873.19,,,,45.025,,918.215
2022-01-09,1322.49,,,,42.255,,1364.7450000000001
2022-01-10,625.95,,,,29.825,,655.7750000000001
2022-01-11,1019.845,,,,27.849999999999998,,1047.695
2022-01-12,703.3299999999999,,,,18.29,,721.6199999999999
2022-01-13,625.42,,,,26.835,,652.255
2022-01-14,416.67,,,,29.745,,446.415
2022-01-15,279.68,,,,41.22,,320.9
2022-01-16,905.905,,,,24.09,,929.995
2022-01-17,719.92,,,,23.044999999999998,,742.9649999999999
2022-01-18,397.13,,,,46.915,,444.045
2022-01-19,782.2,,,,0.245,,782.445
2022-01-20,754.905,,,,0.0,,754.905
2022-01-21,608.09,,,,29.605,,637.695
2022-01-22,746.4300000000001,,,,29.759999999999998,,776.19
2022-01-23,654.1850000000001,,,,29.759999999999998,,683.945
2022-01-24,637.29,,,,29.759999999999998,,667.05
2022-01-25,725.0,,,,364.01,,1089.01
2022-01-26,620.11,,,,723.885,,1343.995
2022-01-27,658.3149999999999,,,,125.065,,783.3799999999999
2022-01-28,743.35,,,,0.635,,743.985
2022-01-29,1103.1200000000001,,,,65.895,,1169.015
2022-01-30,1446.5149999999999,,,,29.95,,1476.465
2022-01-31,1013.72,,,,26.895000000000003,,1040.615
2022-02-01,1109.165,,,,7.78,,1116.945
2022-02-02,1182.425,,,,29.645,,1212.07
2022-02-03,1050.22,,,,29.759999999999998,,1079.98
2022-02-04,1012.365,,,,29.759999999999998,,1042.125
2022-02-05,1368.86,,,,54.589999999999996,,1423.4499999999998
2022-02-06,1989.55,,,,54.72,,2044.27
2022-02-07,1138.75,,,,29.89,,1168.64
2022-02-08,1393.62,,,,29.759999999999998,,1423.3799999999999
2022-02-09,799.89,,,,29.759999999999998,,829.65
2022-02-10,754.77,,,,29.759999999999998,,784.53
2022-02-11,508.875,,,,29.759999999999998,,538.635
2022-02-12,511.62,,,,89.925,,601.545
2022-02-13,1080.8,,,,60.635,,1141.435
2022-02-14,931.32,,,,0.315,,931.6350000000001
2022-02-15,605.09,,,,29.605,,634.695
2022-02-16,802.105,,,,29.759999999999998,,831.865
2022-02-17,1446.195,,,,29.759999999999998,,1475.955
2022-02-18,1226.87,,,,29.759999999999998,,1256.6299999999999
2022-02-19,1521.5,,,,21.165,,1542.665
2022-02-20,1384.1499999999999,,,,4.885000000000001,,1389.0349999999999
2022-02-21,988.12,,,,29.63,,1017.75
2022-02-22,1482.8799999999999,,,,29.759999999999998,,1512.6399999999999
2022-02-23,1112.43,,,,29.759999999999998,,1142.19
2022-02-24,836.85,,,,14.479999999999999,,851.33
2022-02-25,724.46,,,,22.040000000000003,,746.5
2022-02-26,544.56,,,,29.72,,574.28
2022-02-27,258.43,,,,21.165,,279.595
2022-02-28,707.715,,,,25.895000000000003,,733.61
2022-03-01,701.0300000000001,,,,63.165000000000006,,764.195
2022-03-02,684.115,,,,93.92,,778.035
2022-03-03,783.71,,,,40.6,,824.3100000000001
2022-03-04,698.54,,,,40.32,,738.86
2022-03-05,1047.85,,,,39.364999999999995,,1087.215
2022-03-06,1054.98,,,,89.975,,1144.955
2022-03-07,1769.995,,,,465.555,,2235.5499999999997
2022-03-08,1349.77,,,,2167.42,,3517.19
2022-03-09,1959.315,,,,5533.145,,7492.460000000001
2022-03-10,1689.76,,,,31.775000000000002,,1721.535
2022-03-11,1965.685,,,,2.88,,1968.565
2022-03-12,2468.2200000000003,,,,2.88,,2471.1000000000004
2022-03-13,2110.26,,,,2.88,,2113.1400000000003
2022-03-14,1132.335,,,,95.515,,1227.8500000000001
2022-03-15,745.3349999999999,,,,96.0,,841.3349999999999
2022-03-16,986.64,,,,2.41,,989.05
2022-03-17,1060.375,,,,29.615,,1089.99
2022-03-18,1222.3,,,,11.615,,1233.915
2022-03-19,1040.2,,,,0.06,,1040.26
2022-03-20,1557.71,,,,11.459999999999999,,1569.17
2022-03-21,1208.37,,,,40.17,,1248.54
2022-03-22,1066.74,,,,42.23,,1108.97
2022-03-23,869.945,,,,40.33,,910.2750000000001
2022-03-24,1100.395,,,,90.935,,1191.33
2022-03-25,1174.3,,,,40.585,,1214.885
2022-03-26,6.95,,,,13.580000000000002,,20.53
2022-03-27,,,,,0.07,,0.07
2022-03-28,,,,,63.98500000000001,,63.98500000000001
2022-03-29,,,,,12.07,,12.07
2022-03-30,,,,,43.99,,43.99
2022-03-31,,,,,135.84,,135.84
2022-04-01,,,,,1475.23,,1475.23
2022-04-02,448.84000000000003,,,,9.629999999999999,,458.47
2022-04-03,769.12,,,,292.24,,1061.3600000000001
2022-04-04,594.68,,,,13501.410000000002,,14096.090000000002
2022-04-05,921.2950000000001,,,,576.46,,1497.755
2022-04-06,1220.39,,,,30.939999999999998,,1251.3300000000002
2022-04-07,1276.13,,,,0.15,,1276.2800000000002
2022-04-08,1674.7250000000001,,,,0.0,,1674.7250000000001
2022-04-09,1407.6000000000001,,,,19.1,,1426.7
2022-04-10,2358.14,,,,1.055,,2359.1949999999997
2022-04-11,1069.135,,,,0.005,,1069.14
2022-04-12,898.95,,,,0.0,,898.95
2022-04-13,965.89,,,,0.0,,965.89
2022-04-14,944.325,,,,0.0,,944.325
2022-04-15,1576.17,,,,0.0,,1576.17
2022-04-16,769.61,,,,0.0,,769.61
2022-04-17,818.71,,,,0.0,,818.71
2022-04-18,991.36,,,,0.0,,991.36
2022-04-19,1183.51,,,,61.75,,1245.26
2022-04-20,1052.45,,,,3.19,,1055.64
2022-04-21,1132.935,,,,0.015,,1132.95
2022-04-22,996.325,,,,0.0,,996.325
2022-04-23,1180.785,,,,0.0,,1180.785
2022-04-24,809.24,,,,0.0,,809.24
2022-04-25,928.11,,,,8.594999999999999,,936.705
2022-04-26,750.035,,,,30.490000000000002,,780.525
2022-04-27,1288.475,,,,20.215,,1308.6899999999998
2022-04-28,1099.895,,,,64.09,,1163.985
2022-04-29,911.09,,,,29.94,,941.0300000000001
2022-04-30,736.48,,,,0.155,,736.635
2022-05-01,1132.645,,,,1.9100000000000001,,1134.555
2022-05-02,997.74,,,,9.56,,1007.3
2022-05-03,1058.45,,,,9.600000000000001,,1068.05
2022-05-04,1237.035,,,,13.420000000000002,,1250.4550000000002
2022-05-05,1184.04,,,,33.495,,1217.5349999999999
2022-05-06,1129.465,,,,31.69,,1161.155
2022-05-07,1095.32,,,,0.165,,1095.485
2022-05-08,794.9,,,,0.0,,794.9
2022-05-09,1227.93,,,,63.98500000000001,,1291.915
2022-05-10,1128.335,,,,15.870000000000001,,1144.205
2022-05-11,1332.78,,,,2.945,,1335.725
2022-05-12,1287.125,,,,18.16,,1305.285
2022-05-13,1133.005,,,,9.645000000000001,,1142.65
2022-05-14,832.865,,,,1.0050000000000001,,833.87
2022-05-15,649.48,,,,0.005,,649.485
2022-05-16,739.585,,,,50.615,,790.2
2022-05-17,584.84,,,,60.38,,645.22
2022-05-18,771.405,,,,50.93,,822.3349999999999
2022-05-19,703.04,,,,29.87,,732.91
2022-05-20,590.16,,,,0.155,,590.3149999999999
2022-05-21,1024.31,,,,0.0,,1024.31
2022-05-22,397.69,,,,0.0,,397.69
2022-05-23,564.63,,,,0.0,,564.63
2022-05-24,1001.32,,,,0.0,,1001.32
2022-05-25,905.86,,,,0.0,,905.86
2022-05-26,1454.105,,,,0.0,,1454.105
2022-05-27,783.04,,,,0.0,,783.04
2022-05-28,977.8900000000001,,,,0.0,,977.8900000000001
2022-05-29,590.15,,,,11.459999999999999,,601.61
2022-05-30,435.795,,,,0.06,,435.855
2022-05-31,381.435,,,,2.85,,384.285
2022-06-01,455.605,,,,0.97,,456.57500000000005
2022-06-02,591.165,,,,0.005,,591.17
2022-06-03,653.0600000000001,,,,0.0,,653.0600000000001
2022-06-04,533.85,,,,0.0,,533.85
2022-06-05,609.04,,,,0.0,,609.04
2022-06-06,1108.32,,,,0.0,,1108.32
2022-06-07,913.25,,,,2.85,,916.1
2022-06-08,904.285,,,,50.63,,954.915
2022-06-09,1154.285,,,,2.1750000000000003,,1156.46
2022-06-10,1012.4399999999999,,,,0.01,,1012.4499999999999
2022-06-11,383.35,,,,0.0,,383.35
2022-06-12,932.82,,,,0.0,,932.82
2022-06-13,823.91,,,,1.9100000000000001,,825.8199999999999
2022-06-14,743.7,,,,14.27,,757.97
2022-06-15,645.08,,,,60.24,,705.32
2022-06-16,560.72,,,,75.76,,636.48
2022-06-17,546.78,,,,90.16499999999999,,636.9449999999999
2022-06-18,1097.705,,,,1.425,,1099.1299999999999
2022-06-19,1280.695,,,,22.925,,1303.62
2022-06-20,756.79,,,,24.95,,781.74
2022-06-21,602.3100000000001,,,,43.96,,646.2700000000001
2022-06-22,566.655,,,,887.425,,1454.08
2022-06-23,1034.205,,,,94.41499999999999,,1128.62
2022-06-24,763.375,,,,10.020000000000001,,773.395
2022-06-25,919.405,,,,0.05,,919.4549999999999
2022-06-26,926.875,,,,0.9550000000000001,,927.83
2022-06-27,1121.84,,,,37.25,,1159.09
2022-06-28,1102.935,,,,166.64,,1269.5749999999998
2022-06-29,1226.875,,,,68.67999999999999,,1295.555
2022-06-30,1572.465,,,,64.34,,1636.8049999999998
2022-07-01,1342.335,,,,50.95,,1393.285
2022-07-02,878.33,,,,14.59,,892.9200000000001
2022-07-03,908.745,,,,2.94,,911.6850000000001
2022-07-04,883.765,,,,92.64999999999999,,976.415
2022-07-05,1070.525,,,,90.27,,1160.795
2022-07-06,1102.885,,,,99.79,,1202.675
2022-07-07,941.15,,,,90.28999999999999,,1031.44
2022-07-08,1139.655,,,,9.065,,1148.72
2022-07-09,1644.155,,,,0.9999999999999999,,1645.155
2022-07-10,1874.8400000000001,,,,0.005,,1874.8450000000003
2022-07-11,1528.7350000000001,,,,50.615,,1579.3500000000001
2022-07-12,1432.1200000000001,,,,59.43,,1491.5500000000002
2022-07-13,1327.455,,,,29.915,,1357.37
2022-07-14,2573.19,,,,3.0199999999999996,,2576.21
2022-07-15,1851.115,,,,0.015,,1851.13
2022-07-16,2476.95,,,,24.830000000000002,,2501.7799999999997
2022-07-17,3171.955,,,,24.005,,3195.96
2022-07-18,1362.725,,,,159.60999999999999,,1522.3349999999998
2022-07-19,1143.33,,,,39.67,,1183.0
2022-07-20,1213.91,,,,2784.0249999999996,,3997.9349999999995
2022-07-21,858.97,,,,1258.9399999999998,,2117.91
2022-07-22,793.31,,,,126.845,,920.155
2022-07-23,810.35,,,,0.63,,810.98
2022-07-24,869.77,,,,0.9550000000000001,,870.725
2022-07-25,705.455,,,,15.285,,720.74
2022-07-26,886.785,,,,3.01,,889.795
2022-07-27,712.98,,,,89.785,,802.765
2022-07-28,656.48,,,,90.24,,746.72
2022-07-29,956.925,,,,3.335,,960.26
2022-07-30,1278.64,,,,0.015,,1278.6550000000002
2022-07-31,783.405,,,,89.77,,873.175
2022-08-01,924.425,,,,275.51,,1199.935
2022-08-02,966.745,,,,92.17999999999999,,1058.925
2022-08-03,807.775,,,,1353.705,,2161.48
2022-08-04,799.1500000000001,,,,2072.75,,2871.9
2022-08-05,674.265,,,,40.42,,714.685
2022-08-06,1312.895,,,,0.155,,1313.05
2022-08-07,1706.12,,,,0.0,,1706.12
2022-08-08,1229.675,,,,0.9550000000000001,,1230.6299999999999
2022-08-09,1285.57,,,,0.01,,1285.58
2022-08-10,1248.64,,,,0.0,,1248.64
2022-08-11,1459.6499999999999,,,,0.9550000000000001,,1460.6049999999998
2022-08-12,1601.695,,,,7.6450000000000005,,1609.34
2022-08-13,1407.965,,,,0.04,,1408.0049999999999
2022-08-14,1398.46,,,,0.0,,1398.46
2022-08-15,1823.5249999999999,,,,21.01,,1844.5349999999999
2022-08-16,1340.16,,,,52.470000000000006,,1392.63
2022-08-17,1081.665,,,,39.43,,1121.095
2022-08-18,1180.455,,,,198.845,,1379.3
2022-08-19,1165.1299999999999,,,,61.205,,1226.3349999999998
2022-08-20,3795.995,,,,0.315,,3796.31
2022-08-21,2597.605,,,,0.0,,2597.605
2022-08-22,1993.2350000000001,,,,0.0,,1993.2350000000001
2022-08-23,2731.155,,,,59.85,,2791.005
2022-08-24,3196.515,,,,516.015,,3712.5299999999997
2022-08-25,1897.635,,,,226.17,,2123.805
2022-08-26,1126.56,,,,1.17,,1127.73
2022-08-27,1360.945,,,,0.0,,1360.945
2022-08-28,1561.975,,,,0.0,,1561.975
2022-08-29,1703.795,,,,29.605,,1733.4
2022-08-30,1812.52,,,,29.759999999999998,,1842.28
2022-08-31,1729.405,,,,29.759999999999998,,1759.165
2022-09-01,1375.92,,,,149.135,,1525.055
2022-09-02,930.19,,,,60.945,,991.1350000000001
2022-09-03,1658.795,,,,0.315,,1659.1100000000001
2022-09-04,1634.965,,,,0.0,,1634.965
2022-09-05,1339.75,,,,0.0,,1339.75
2022-09-06,1026.025,,,,0.0,,1026.025
2022-09-07,791.08,,,,0.0,,791.08
2022-09-08,927.925,,,,0.0,,927.925
2022-09-09,783.88,,,,0.0,,783.88
2022-09-10,1350.715,,,,1.9100000000000001,,1352.625
2022-09-11,1208.305,,,,10.515,,1218.8200000000002
2022-09-12,1395.46,,,,60.22,,1455.68
2022-09-13,1120.895,,,,198.23000000000002,,1319.125
2022-09-14,1097.395,,,,178.67000000000002,,1276.065
2022-09-15,1251.97,,,,70.645,,1322.615
2022-09-16,1334.345,,,,17.555,,1351.9
2022-09-17,1432.54,,,,0.09,,1432.6299999999999
2022-09-18,1866.905,,,,0.0,,1866.905
2022-09-19,1072.94,,,,60.165,,1133.105
2022-09-20,1300.155,,,,30.08,,1330.235
2022-09-21,1620.83,,,,29.759999999999998,,1650.59
2022-09-22,1304.565,,,,60.32,,1364.885
2022-09-23,1060.935,,,,60.480000000000004,,1121.415
2022-09-24,721.255,,,,3.1799999999999997,,724.435
2022-09-25,642.01,,,,29.62,,671.63
2022-09-26,1263.295,,,,60.32,,1323.615
2022-09-27,995.22,,,,60.480000000000004,,1055.7
2022-09-28,1062.555,,,,299.23,,1361.785
2022-09-29,927.62,,,,150.54500000000002,,1078.165
2022-09-30,1132.46,,,,69.53999999999999,,1202.0
2022-10-01,1757.51,,,,0.36,,1757.87
2022-10-02,2932.03,,,,0.0,,2932.03
2022-10-03,3474.37,,,,0.9550000000000001,,3475.325
2022-10-04,2433.265,,,,29.46,,2462.725
2022-10-05,1953.5149999999999,,,,0.155,,1953.6699999999998
2022-10-06,1338.3600000000001,,,,0.9550000000000001,,1339.315
2022-10-07,1117.375,,,,0.005,,1117.38
2022-10-08,1123.08,,,,4.775,,1127.855
2022-10-09,1489.305,,,,0.98,,1490.285
2022-10-10,1508.91,,,,0.005,,1508.9150000000002
2022-10-11,1465.01,,,,0.9500000000000001,,1465.96
2022-10-12,1433.955,,,,30.565,,1464.52
2022-10-13,1244.17,,,,1.115,,1245.285
2022-10-14,1277.32,,,,0.005,,1277.325
2022-10-15,1791.88,,,,0.0,,1791.88
2022-10-16,1739.01,,,,0.0,,1739.01
2022-10-17,1758.34,,,,0.9550000000000001,,1759.2949999999998
2022-10-18,2069.18,,,,197.61,,2266.79
2022-10-19,2272.225,,,,99.405,,2371.63
2022-10-20,1811.35,,,,31.075,,1842.425
2022-10-21,1352.225,,,,0.16,,1352.385
2022-10-22,1838.21,,,,0.0,,1838.21
2022-10-23,993.71,,,,0.0,,993.71
2022-10-24,1877.475,,,,0.0,,1877.475
2022-10-25,1367.8,,,,0.0,,1367.8
2022-10-26,1071.02,,,,0.0,,1071.02
2022-10-27,810.33,,,,0.0,,810.33
2022-10-28,854.4,,,,0.0,,854.4
2022-10-29,793.735,,,,0.9550000000000001,,794.69
2022-10-30,682.24,,,,0.92,,683.16
2022-10-31,771.425,,,,1.915,,773.3399999999999
2022-11-01,970.99,,,,0.01,,971.0
2022-11-02,1403.57,,,,9.55,,1413.12
2022-11-03,1010.385,,,,16.285,,1026.67
2022-11-04,730.565,,,,12.5,,743.065
2022-11-05,792.5,,,,17.255,,809.755
2022-11-06,974.41,,,,1.045,,975.4549999999999
2022-11-07,1031.88,,,,0.005,,1031.8850000000002
2022-11-08,1283.25,,,,0.0,,1283.25
2022-11-09,1221.985,,,,0.0,,1221.985
2022-11-10,863.845,,,,0.0,,863.845
2022-11-11,728.835,,,,0.0,,728.835
2022-11-12,545.73,,,,0.0,,545.73
2022-11-13,745.18,,,,0.0,,745.18
2022-11-14,568.45,,,,0.0,,568.45
2022-11-15,638.22,,,,0.0,,638.22
2022-11-16,709.285,,,,2.8649999999999998,,712.15
2022-11-17,1013.605,,,,0.015,,1013.62
2022-11-18,636.895,,,,0.0,,636.895
2022-11-19,439.19,,,,0.0,,439.19
2022-11-20,613.185,,,,0.0,,613.185
2022-11-21,405.905,,,,5.7299999999999995,,411.635
2022-11-22,428.935,,,,1.94,,430.875
2022-11-23,470.785,,,,0.01,,470.795
2022-11-24,381.155,,,,14.325,,395.47999999999996
2022-11-25,448.45500000000004,,,,26.815,,475.27000000000004
2022-11-26,2.41,,,,2.05,,4.46
2022-11-27,,,,,0.01,,0.01
2022-11-28,,,,,197.68499999999997,,197.68499999999997
2022-11-29,,,,,1306.52,,1306.52
2022-11-30,,,,,1116.5449999999998,,1116.5449999999998
2022-12-01,,,,,1403.93,,1403.93
2022-12-02,,,,,1104.615,,1104.615
2022-12-03,1044.96,,,,106.02000000000001,,1150.98
2022-12-04,1099.395,,,,1.48,,1100.875
2022-12-05,505.775,,,,292.235,,798.01
2022-12-06,877.27,,,,921.195,,1798.4650000000001
2022-12-07,696.285,,,,713.425,,1409.71
2022-12-08,616.275,,,,2060.7799999999997,,2677.055
2022-12-09,558.58,,,,1473.83,,2032.4099999999999
2022-12-10,714.45,,,,111.75500000000001,,826.205
2022-12-11,736.345,,,,12.004999999999999,,748.35
2022-12-12,371.035,,,,3627.1499999999996,,3998.1849999999995
2022-12-13,507.14,,,,724.735,,1231.875
2022-12-14,443.65,,,,814.49,,1258.1399999999999
2022-12-15,586.11,,,,376.695,,962.8050000000001
2022-12-16,478.905,,,,515.74,,994.645
2022-12-17,751.95,,,,43.755,,795.705
2022-12-18,184.73499999999999,,,,0.215,,184.95
2022-12-19,289.11,,,,0.0,,289.11
2022-12-20,501.895,,,,0.0,,501.895
2022-12-21,391.065,,,,0.0,,391.065
2022-12-22,473.595,,,,0.0,,473.595
2022-12-23,524.4300000000001,,,,0.0,,524.4300000000001
2022-12-24,935.54,,,,21.01,,956.55
2022-12-25,315.0,,,,14.434999999999999,,329.435
2022-12-26,631.25,,,,13.445000000000002,,644.695
2022-12-27,562.96,,,,54.504999999999995,,617.465
2022-12-28,703.23,,,,4.105,,707.335
2022-12-29,205.295,,,,3.84,,209.135
2022-12-30,349.49,,,,0.975,,350.46500000000003
2022-12-31,655.58,,,,0.005,,655.585
2023-01-01,280.635,,,,0.0,,280.635
2023-01-02,160.07999999999998,,,,29.605,,189.68499999999997
2023-01-03,374.28,,,,5.885,,380.16499999999996
2023-01-04,1085.78,,,,24.86,,1110.6399999999999
2023-01-05,662.81,,,,13.500000000000002,,676.31
2023-01-06,591.11,,,,5.8,,596.91
2023-01-07,451.21,,,,0.03,,451.23999999999995
2023-01-08,191.67,,,,0.0,,191.67
2023-01-09,333.16,,,,24.830000000000002,,357.99
2023-01-10,541.465,,,,114.72999999999999,,656.195
2023-01-11,654.995,,,,22.565,,677.5600000000001
2023-01-12,1092.79,,,,2.025,,1094.815
2023-01-13,420.78,,,,0.965,,421.74499999999995
2023-01-14,259.09,,,,0.005,,259.09499999999997
2023-01-15,188.89,,,,0.0,,188.89
2023-01-16,412.65,,,,24.830000000000002,,437.47999999999996
2023-01-17,438.78499999999997,,,,522.515,,961.3
2023-01-18,612.175,,,,342.71500000000003,,954.89
2023-01-19,428.74,,,,295.92,,724.6600000000001
2023-01-20,351.365,,,,55.974999999999994,,407.34000000000003
2023-01-21,308.0,,,,105.33500000000001,,413.33500000000004
2023-01-22,313.27,,,,131.38500000000002,,444.655
2023-01-23,154.54,,,,596.605,,751.145
2023-01-24,245.57500000000002,,,,1072.72,,1318.295
2023-01-25,178.86,,,,204.24,,383.1
2023-01-26,237.355,,,,178.67000000000002,,416.025
2023-01-27,252.875,,,,190.02,,442.895
2023-01-28,292.17,,,,62.11,,354.28000000000003
2023-01-29,541.865,,,,60.485,,602.35
2023-01-30,309.2,,,,301.14,,610.3399999999999
2023-01-31,533.405,,,,287.12,,820.525
2023-02-01,475.91999999999996,,,,166.71,,642.63
2023-02-02,587.03,,,,197.595,,784.625
2023-02-03,521.65,,,,133.77499999999998,,655.425
2023-02-04,804.6600000000001,,,,88.555,,893.2150000000001
2023-02-05,614.21,,,,59.67,,673.88
2023-02-06,362.585,,,,382.31,,744.895
2023-02-07,351.995,,,,367.765,,719.76
2023-02-08,246.905,,,,200.555,,447.46000000000004
2023-02-09,377.485,,,,205.41000000000003,,582.895
2023-02-10,376.46500000000003,,,,102.30000000000001,,478.76500000000004
2023-02-11,559.13,,,,92.21,,651.34
2023-02-12,727.4250000000001,,,,63.510000000000005,,790.9350000000001
2023-02-13,615.23,,,,198.97,,814.2
2023-02-14,566.765,,,,72.665,,639.43
2023-02-15,619.35,,,,40.485,,659.835
2023-02-16,609.035,,,,19.310000000000002,,628.345
2023-02-17,785.74,,,,37.345,,823.085
2023-02-18,1046.77,,,,0.195,,1046.965
2023-02-19,896.895,,,,0.0,,896.895
2023-02-20,806.8100000000001,,,,0.9550000000000001,,807.7650000000001
2023-02-21,993.155,,,,47.755,,1040.91
2023-02-22,487.115,,,,38.45,,525.565
2023-02-23,450.43,,,,32.67,,483.1
2023-02-24,725.0649999999999,,,,71.795,,796.8599999999999
2023-02-25,1371.87,,,,29.98,,1401.85
2023-02-26,914.07,,,,2.065,,916.1350000000001
2023-02-27,758.15,,,,174.775,,932.925
2023-02-28,845.5649999999999,,,,182.36499999999998,,1027.9299999999998
2023-03-01,843.73,,,,217.735,,1061.4650000000001
2023-03-02,765.8149999999999,,,,293.365,,1059.1799999999998
2023-03-03,637.5649999999999,,,,243.14499999999998,,880.7099999999999
2023-03-04,5.63,,,,164.57,,170.2
2023-03-05,,,,,193.76500000000001,,193.76500000000001
2023-03-06,,,,,457.5,,457.5
2023-03-07,,,,,333.77500000000003,,333.77500000000003
2023-03-08,,,,,93.41499999999999,,93.41499999999999
2023-03-09,,,,,80.7,,80.7
2023-03-10,,,,,104.515,,104.515
2023-03-11,652.16,,,,76.94500000000001,,729.105
2023-03-12,474.44,,,,60.565,,535.005
2023-03-13,506.67,,,,125.42,,632.09
2023-03-14,900.87,,,,299.57,,1200.44
2023-03-15,765.635,,,,543.05,,1308.685
2023-03-16,885.645,,,,207.205,,1092.85
2023-03-17,735.4350000000001,,,,209.26000000000002,,944.695
2023-03-18,813.45,,,,170.125,,983.575
2023-03-19,834.04,,,,416.30999999999995,,1250.35
2023-03-20,575.775,,,,512.145,,1087.92
2023-03-21,466.03499999999997,,,,631.0600000000001,,1097.095
2023-03-22,1080.15,,,,109.29500000000002,,1189.4450000000002
2023-03-23,352.285,,,,261.27,,613.5550000000001
2023-03-24,288.895,,,,80.63,,369.525
2023-03-25,2.01,,,,22.380000000000003,,24.39
2023-03-26,,,,,121.81,,121.81
2023-03-27,,,,,592.765,,592.765
2023-03-28,,,,,486.9,,486.9
2023-03-29,,,,,419.865,,419.865
2023-03-30,,,,,136.84,,136.84
2023-03-31,,,,,158.28,,158.28
2023-04-01,115.12,,,,21.835,,136.955
2023-04-02,134.45499999999998,,,,89.88,,224.33499999999998
2023-04-03,373.5,,,,676.61,,1050.1100000000001
2023-04-04,402.815,,,,623.63,,1026.445
2023-04-05,324.255,,,,832.185,,1156.44
2023-04-06,338.265,,,,433.13500000000005,,771.4000000000001
2023-04-07,325.69,,,,212.34500000000003,,538.0350000000001
2023-04-08,254.755,,,,21.154999999999998,,275.90999999999997
2023-04-09,153.655,,,,3.9250000000000003,,157.58
2023-04-10,89.72999999999999,,,,5.75,,95.47999999999999
2023-04-11,338.06,,,,181.51,,519.5699999999999
2023-04-12,508.75,,,,80.22,,588.97
2023-04-13,340.9,,,,199.055,,539.9549999999999
2023-04-14,372.525,,,,210.185,,582.71
2023-04-15,322.955,,,,72.72,,395.67499999999995
2023-04-16,374.53,,,,5.15,,379.67999999999995
2023-04-17,388.9,,,,504.26500000000004,,893.165
2023-04-18,479.465,,,,79.38000000000001,,558.845
2023-04-19,664.275,,,,214.31000000000003,,878.585
2023-04-20,586.91,,,,328.685,,915.595
2023-04-21,349.86,,,,236.645,,586.505
2023-04-22,267.1,,,,108.19000000000001,,375.29
2023-04-23,221.84,,,,69.32,,291.15999999999997
2023-04-24,356.45,,,,241.975,,598.425
2023-04-25,378.7,,,,247.63,,626.3299999999999
2023-04-26,371.805,,,,300.205,,672.01
2023-04-27,380.11,,,,300.48,,680.59
2023-04-28,342.245,,,,200.205,,542.45
2023-04-29,401.375,,,,192.99499999999998,,594.37
2023-04-30,89.49,,,,195.82500000000002,,285.315
2023-05-01,197.715,,,,178.65,,376.365
2023-05-02,426.305,,,,299.21,,725.515
2023-05-03,375.735,,,,200.205,,575.94
2023-05-04,385.05,,,,199.68,,584.73
2023-05-05,270.32,,,,181.535,,451.855
2023-05-06,223.095,,,,199.585,,422.68
2023-05-07,135.68,,,,177.715,,313.395
2023-05-08,354.425,,,,295.065,,649.49
2023-05-09,247.945,,,,200.68,,448.625
2023-05-10,313.155,,,,324.785,,637.94
2023-05-11,253.335,,,,442.90500000000003,,696.24
2023-05-12,370.17,,,,222.915,,593.085
2023-05-13,225.835,,,,26.94,,252.775
2023-05-14,174.42,,,,23.055,,197.475
2023-05-15,504.24,,,,231.23,,735.47
2023-05-16,605.255,,,,201.92000000000002,,807.175
2023-05-17,435.27,,,,276.09,,711.3599999999999
2023-05-18,166.28,,,,200.08,,366.36
2023-05-19,271.1,,,,34.464999999999996,,305.565
2023-05-20,124.21,,,,60.34,,184.55
2023-05-21,96.215,,,,32.785000000000004,,129.0
2023-05-22,231.04,,,,272.345,,503.385
2023-05-23,187.99,,,,150.1,,338.09000000000003
2023-05-24,308.875,,,,442.94,,751.815
2023-05-25,180.025,,,,201.91,,381.935
2023-05-26,179.095,,,,179.63000000000002,,358.725
2023-05-27,189.03,,,,62.055,,251.085
2023-05-28,45.39,,,,42.34,,87.73
2023-05-29,70.715,,,,10.725,,81.44
2023-05-30,453.12,,,,197.71,,650.83
2023-05-31,389.985,,,,245.52,,635.505
2023-06-01,531.785,,,,211.38000000000002,,743.165
2023-06-02,368.115,,,,199.74,,567.855
2023-06-03,195.9,,,,199.68,,395.58000000000004
2023-06-04,133.265,,,,153.84,,287.105
2023-06-05,363.0,,,,176.52,,539.52
2023-06-06,275.34999999999997,,,,199.44,,474.78999999999996
2023-06-07,262.15999999999997,,,,143.335,,405.495
2023-06-08,304.36,,,,59.0,,363.36
2023-06-09,204.15,,,,31.82,,235.97
2023-06-10,104.195,,,,139.595,,243.79
2023-06-11,36.71,,,,59.94,,96.65
2023-06-12,189.125,,,,384.21999999999997,,573.345
2023-06-13,249.615,,,,446.72,,696.335
2023-06-14,221.555,,,,317.47999999999996,,539.035
2023-06-15,264.22,,,,225.11999999999998,,489.34000000000003
2023-06-16,165.41,,,,422.325,,587.735
2023-06-17,110.55999999999999,,,,172.195,,282.755
2023-06-18,1515.56,,,,153.69,,1669.25
2023-06-19,772.925,,,,269.15500000000003,,1042.08
2023-06-20,118.74,,,,568.0600000000001,,686.8000000000001
2023-06-21,209.28,,,,535.865,,745.145
2023-06-22,178.72,,,,570.0600000000001,,748.7800000000001
2023-06-23,149.16,,,,411.71000000000004,,560.87
2023-06-24,93.06,,,,245.665,,338.725
2023-06-25,33.205,,,,167.445,,200.64999999999998
2023-06-26,120.64,,,,340.85,,461.49
2023-06-27,126.935,,,,939.31,,1066.245
2023-06-28,130.205,,,,556.9150000000001,,687.1200000000001
2023-06-29,194.065,,,,531.96,,726.0250000000001
2023-06-30,163.245,,,,189.95,,353.195
2023-07-01,87.02,,,,7.665000000000001,,94.685
2023-07-02,90.195,,,,2.9,,93.095
2023-07-03,151.265,,,,102.2,,253.46499999999997
2023-07-04,350.485,,,,673.67,,1024.155
2023-07-05,405.18,,,,242.29,,647.47
2023-07-06,394.075,,,,147.365,,541.44
2023-07-07,294.96,,,,59.975,,354.935
2023-07-08,155.62,,,,49.97,,205.59
2023-07-09,207.41,,,,60.425,,267.835
2023-07-10,568.94,,,,211.37,,780.3100000000001
2023-07-11,348.36,,,,130.46,,478.82000000000005
2023-07-12,394.49,,,,199.315,,593.8050000000001
2023-07-13,353.04,,,,151.93,,504.97
2023-07-14,155.78,,,,60.955,,216.735
2023-07-15,87.295,,,,11.775,,99.07000000000001
2023-07-16,127.67,,,,60.225,,187.895
2023-07-17,181.475,,,,284.905,,466.38
2023-07-18,323.825,,,,200.58,,524.405
2023-07-19,398.925,,,,204.45499999999998,,603.38
2023-07-20,276.085,,,,204.48,,480.56499999999994
2023-07-21,242.94,,,,199.705,,442.645
2023-07-22,124.6,,,,184.4,,309.0
2023-07-23,106.17999999999999,,,,21.97,,128.14999999999998
2023-07-24,179.73499999999999,,,,107.07000000000001,,286.805
2023-07-25,277.575,,,,30.57,,308.145
2023-07-26,233.51,,,,51.725,,285.235
2023-07-27,195.26999999999998,,,,96.725,,291.995
2023-07-28,173.93,,,,1.01,,174.94
2023-07-29,106.1,,,,29.759999999999998,,135.85999999999999
2023-07-30,100.39,,,,29.759999999999998,,130.15
2023-07-31,138.39,,,,3.975,,142.36499999999998
2023-08-01,180.79,,,,14.29,,195.07999999999998
2023-08-02,121.13499999999999,,,,5.805,,126.94
2023-08-03,124.535,,,,20.085,,144.62
2023-08-04,207.615,,,,24.935000000000002,,232.55
2023-08-05,102.67999999999999,,,,16.365000000000002,,119.04499999999999
2023-08-06,82.36,,,,8.68,,91.03999999999999
2023-08-07,114.655,,,,7.6850000000000005,,122.34
2023-08-08,236.915,,,,14.33,,251.245
2023-08-09,406.96,,,,40.184999999999995,,447.145
2023-08-10,352.235,,,,139.64,,491.875
2023-08-11,360.635,,,,40.839999999999996,,401.47499999999997
2023-08-12,134.725,,,,40.32,,175.045
2023-08-13,128.61,,,,40.32,,168.93
2023-08-14,141.13,,,,10.715,,151.845
2023-08-15,197.415,,,,14.36,,211.77499999999998
2023-08-16,428.98,,,,38.275000000000006,,467.255
2023-08-17,381.14,,,,39.355,,420.495
2023-08-18,380.435,,,,20.259999999999998,,400.695
2023-08-19,105.48,,,,16.34,,121.82000000000001
2023-08-20,142.43,,,,9.635,,152.065
2023-08-21,397.715,,,,98.415,,496.13
2023-08-22,373.795,,,,198.63,,572.425
2023-08-23,296.84499999999997,,,,379.21999999999997,,676.0649999999999
2023-08-24,313.475,,,,501.44500000000005,,814.9200000000001
2023-08-25,252.23,,,,62.78,,315.01
2023-08-26,321.21,,,,6.045,,327.255
2023-08-27,158.345,,,,5.76,,164.105
2023-08-28,470.925,,,,21.995,,492.92
2023-08-29,420.57,,,,0.23,,420.8
2023-08-30,455.68,,,,111.35999999999999,,567.04
2023-08-31,535.17,,,,62.655,,597.8249999999999
2023-09-01,334.94,,,,60.49,,395.43
2023-09-02,225.835,,,,7.000000000000001,,232.835
2023-09-03,202.29,,,,11.495,,213.785
2023-09-04,190.35,,,,32.53,,222.88
2023-09-05,317.35,,,,109.58999999999999,,426.94
2023-09-06,399.75,,,,145.735,,545.485
2023-09-07,302.835,,,,98.17,,401.005
2023-09-08,271.955,,,,87.415,,359.37
2023-09-09,182.82,,,,30.06,,212.88
2023-09-10,177.15,,,,48.86,,226.01
2023-09-11,286.73,,,,288.665,,575.395
2023-09-12,319.365,,,,321.27,,640.635
2023-09-13,597.515,,,,61.84,,659.355
2023-09-14,559.045,,,,60.480000000000004,,619.525
2023-09-15,229.715,,,,125.42,,355.135
2023-09-16,314.72,,,,60.82,,375.54
2023-09-17,3.93,,,,0.63,,4.5600000000000005
2023-09-20,125.12,,,,40.32,,165.44
2023-09-21,278.465,,,,40.32,,318.78499999999997
2023-09-22,156.525,,,,79.475,,236.0
2023-09-23,165.5,,,,68.22,,233.72
2023-09-24,207.64000000000001,,,,52.88,,260.52000000000004
2023-09-25,511.70875,,,,98.64,,610.34875
2023-09-26,442.07,,,,139.73,,581.8
2023-09-27,593.5825,,,,154.92452,,748.50702
2023-09-28,451.28499999999997,,,,139.99996800000002,,591.2849679999999
2023-09-29,413.195,,,,8.64,,421.835
2023-09-30,774.57375,,,,59.465,,834.03875
2023-10-01,518.615,,,,60.0,,578.615
2023-10-02,601.745,,,,0.625,,602.37
2023-10-03,735.5699999999999,,,,3000.0,,3735.5699999999997
2023-10-04,645.235,,,,111.40625,,756.64125
2023-10-05,658.935,,,,87.6,,746.535
2023-10-06,406.2275,,,,7.0599359999999995,,413.287436
2023-10-07,176.19,,,,18.579936,,194.769936
2023-10-08,692.07875,,,,41.439936,,733.518686
2023-10-09,705.45375,,,,153.40142600000001,,858.855176
2023-10-10,797.1925,,,,199.526843,,996.719343
2023-10-11,717.35875,,,,139.99996800000002,,857.358718
2023-10-12,594.47375,,,,716.4799680000001,,1310.9537180000002
2023-10-13,169.57999999999998,,,,199.99996800000002,,369.579968
2023-10-14,210.34,,,,39.999936,,250.339936
2023-10-15,174.67,1058.8799999999999,,,198.333301,,1431.8833009999998
2023-10-16,519.32125,1058.8799999999999,,,387.13996800000007,,1965.341218
2023-10-17,321.28,1058.8799999999999,,,237.792083,,1617.952083
2023-10-18,250.38,1058.8799999999999,,,174.379968,,1483.6399679999997
2023-10-19,98.3,1058.8799999999999,,,78.519936,,1235.6999359999998
2023-10-20,135.305,1058.8799999999999,,,86.35996800000001,,1280.544968
2023-10-21,222.16,1058.8799999999999,,,5.699999999999999,,1286.74
2023-10-22,237.99,1058.8799999999999,,,30.0,,1326.87
2023-10-23,629.135,1058.8799999999999,,,188.34,,1876.3549999999998
2023-10-24,586.76625,1058.8799999999999,,,192.97125,,1838.6174999999998
2023-10-25,450.44,1058.8799999999999,,,127.519968,,1636.839968
2023-10-26,430.72,1058.8799999999999,,,139.99996800000002,,1629.599968
2023-10-27,312.38,1058.8799999999999,,,139.99996800000002,,1511.2599679999998
2023-10-28,124.2,1058.8799999999999,,,6.12,,1189.1999999999998
2023-10-29,130.662,981.67,,,16.78375,,1129.11575
2023-10-30,329.34000000000003,1058.8799999999999,,,199.99996800000002,,1588.2199679999999
2023-10-31,351.84000000000003,1058.8799999999999,,,103.99996800000001,,1514.7199679999999
2023-11-01,138.115,1058.8799999999999,,,6.466603,,1203.461603
2023-11-02,183.86,1058.8799999999999,,,59.431666,,1302.1716659999997
2023-11-03,174.78,1058.8799999999999,,,30.0,,1263.6599999999999
2023-11-04,128.06375,1058.8799999999999,,,5.67601,,1192.6197599999998
2023-11-05,200.5,1058.8799999999999,,,29.743958,,1289.123958
2023-11-06,312.0,1058.8799999999999,,,150.392645,,1521.2726449999998
2023-11-07,528.56,1058.8799999999999,,,199.496426,,1786.9364259999998
2023-11-08,434.61,1058.8799999999999,,,81.625978,,1575.1159779999998
2023-11-09,386.62,1058.8799999999999,,,80.379936,,1525.879936
2023-11-10,291.28000000000003,1058.8799999999999,,,60.0,,1410.1599999999999
2023-11-11,355.105,1058.8799999999999,,,68.78750000000001,,1482.7724999999998
2023-11-12,316.86,1058.8799999999999,,,40.30077,,1416.0407699999998
2023-11-13,382.1,1058.8799999999999,,,90.11243599999999,,1531.092436
2023-11-14,513.95375,1058.8799999999999,,,81.36,,1654.1937499999997
2023-11-15,610.14,1058.8799999999999,,,113.779968,,1782.799968
2023-11-16,388.88,1058.8799999999999,,,154.62,,1602.3799999999997
2023-11-17,270.84000000000003,1058.8799999999999,,,265.699968,,1595.4199679999997
2023-11-18,250.165,1058.8799999999999,,,39.999936,,1349.0449359999998
2023-11-19,123.62,1058.8799999999999,,,11.005176,,1193.505176
2023-11-20,434.08,1058.8799999999999,,,149.16,,1642.12
2023-11-21,325.45,1058.8799999999999,,,108.34952,,1492.67952
2023-11-22,321.565,1058.8799999999999,,,100.082436,,1480.5274359999999
2023-11-23,505.14,1058.8799999999999,,,52.08,,1616.1
2023-11-24,399.04,1058.8799999999999,,,65.87476,,1523.7947599999998
2023-11-25,478.675,1058.8799999999999,,,40.132468,,1577.6874679999999
2023-11-26,440.315,1058.8799999999999,,,99.99993599999999,,1599.1949359999999
2023-11-27,315.01,1058.8799999999999,,,99.99993599999999,,1473.8899359999998
2023-11-28,335.76,1058.8799999999999,,,170.57999999999998,,1565.2199999999998
2023-11-29,413.79375,1058.8799999999999,,,353.23726,,1825.9110099999998
2023-11-30,263.21875,1058.8799999999999,,,543.4183330000001,,1865.517083
2023-12-01,305.46500000000003,1058.8799999999999,,,99.99993599999999,,1464.3449359999997
2023-12-02,322.505,1058.8799999999999,,,94.854166,,1476.2391659999998
2023-12-03,319.47249999999997,1058.8799999999999,,,30.0,,1408.3525
2023-12-04,172.9225,1058.8799999999999,,,99.99993599999999,,1331.8024359999997
2023-12-05,258.445,1058.8799999999999,,,80.208301,,1397.533301
2023-12-06,351.1,1058.8799999999999,,,495.387468,,1905.367468
2023-12-07,279.58,1058.8799999999999,,,112.14000000000001,,1450.6
2023-12-08,248.54,1058.8799999999999,,,86.799936,,1394.219936
2023-12-09,170.15375,1058.8799999999999,,,13.471810999999999,,1242.5055609999997
2023-12-10,221.38,1058.8799999999999,,,30.789551,,1311.0495509999998
2023-12-11,201.88,1058.8799999999999,,,260.839968,,1521.5999679999998
2023-12-12,267.04,1058.8799999999999,,,165.780593,,1491.7005929999998
2023-12-13,220.935,1058.8799999999999,,,342.766458,,1622.5814579999999
2023-12-14,228.92000000000002,1058.8799999999999,,,197.963895,,1485.763895
2023-12-15,228.33,1058.8799999999999,,,199.99996800000002,,1487.209968
2023-12-16,168.26,1058.8799999999999,,,50.31559300000001,,1277.455593
2023-12-17,210.54,1058.8799999999999,,,32.431602999999996,,1301.8516029999998
2023-12-18,194.54,1058.8799999999999,,,156.06,,1409.4799999999998
2023-12-19,96.56,1058.8799999999999,,,155.288125,,1310.7281249999999
2023-12-20,146.22,1058.8799999999999,,,93.6,,1298.6999999999998
2023-12-21,146.74,1058.8799999999999,,,99.99993599999999,,1305.6199359999998
2023-12-22,156.28,1058.8799999999999,,,53.699999999999996,,1268.86
2023-12-23,169.6425,1058.8799999999999,,,15.620769999999998,,1244.1432699999998
2023-12-24,117.64,1058.8799999999999,,,9.42,,1185.94
2023-12-25,125.785,1058.8799999999999,,,9.319968,,1193.984968
2023-12-26,184.995,1058.8799999999999,,,49.239936,,1293.114936
2023-12-27,117.64,1058.8799999999999,,,61.86,,1238.3799999999999
2023-12-28,142.4,1058.8799999999999,,,23.78077,,1225.06077
2023-12-29,147.12,1058.8799999999999,,,15.364311,,1221.364311
2023-12-30,92.83875,1058.8799999999999,,,19.317436,,1171.036186
2023-12-31,89.36,1058.8799999999999,,,23.379936,,1171.6199359999998
2024-01-01,84.76,1060.78,,,22.519968000000002,,1168.059968
2024-01-02,74.4,1060.8000000000002,,,60.0,,1195.2000000000003
2024-01-03,89.0125,1060.8000000000002,,,139.166635,,1288.9791350000003
2024-01-04,85.38,1060.8000000000002,,,216.23746799999998,,1362.4174680000003
2024-01-05,84.435,1060.8000000000002,,,308.596218,,1453.8312180000003
2024-01-06,63.23875,1060.8000000000002,,,73.405833,,1197.4445830000002
2024-01-07,79.32,1060.8000000000002,,,33.519936,,1173.639936
2024-01-08,53.08,1060.8000000000002,,,209.09181099999998,,1322.9718110000001
2024-01-09,51.36,1060.8000000000002,,,367.359936,,1479.5199360000001
2024-01-10,53.88375,1060.8000000000002,,,291.979968,,1406.6637180000002
2024-01-11,48.92,1060.8000000000002,,,270.228958,,1379.9489580000002
2024-01-12,44.7725,1060.8000000000002,,,222.18,,1327.7525000000003
2024-01-13,55.152499999999996,1060.8000000000002,,,22.106009999999998,,1138.05851
2024-01-14,54.64,1060.8000000000002,,,47.094728,,1162.5347280000003
2024-01-15,46.502500000000005,1060.8000000000002,,,73.08,,1180.3825000000002
2024-01-16,47.1725,1060.8000000000002,,,657.199968,,1765.1724680000002
2024-01-17,43.54,1060.8000000000002,,,213.391603,,1317.7316030000002
2024-01-18,89.64,1060.8000000000002,,,89.76,,1240.2000000000003
2024-01-19,46.456250000000004,1060.8000000000002,,,145.179936,,1252.4361860000001
2024-01-20,72.03,1060.8000000000002,,,37.790416,,1170.6204160000002
2024-01-21,75.34,1060.8000000000002,,,44.659968,,1180.799968
2024-01-22,149.38,1060.8000000000002,,,82.541218,,1292.7212180000004
2024-01-23,62.54,1060.8000000000002,,,198.780593,,1322.120593
2024-01-24,45.87375,1060.8000000000002,,,58.539936,,1165.213686
2024-01-25,41.12,1060.8000000000002,,,182.599968,,1284.519968
2024-01-26,71.395,1060.8000000000002,,,44.659968,,1176.854968
2024-01-27,59.64,1060.8000000000002,,,6.759936000000001,,1127.1999360000002
2024-01-28,80.28,1060.8000000000002,,,32.409936,,1173.4899360000002
2024-01-29,54.555,1060.8000000000002,,,30.027916,,1145.3829160000003
2024-01-30,55.8,1060.8000000000002,,,225.49996800000002,,1342.0999680000002
2024-01-31,75.46000000000001,1060.8000000000002,,,37.479935999999995,,1173.7399360000002
2024-02-01,77.9975,1060.8000000000002,,,139.99996800000002,,1278.7974680000002
2024-02-02,83.74,1060.8000000000002,,,69.75993600000001,,1214.2999360000001
2024-02-03,50.14,1060.8000000000002,,,11.018301,,1121.9583010000003
2024-02-04,56.86,1060.8000000000002,,,10.320833,,1127.980833
2024-02-05,39.62,1060.8000000000002,,,60.0,,1160.42
2024-02-06,66.28,1060.8000000000002,,,68.779968,,1195.8599680000002
2024-02-07,34.32,1060.8000000000002,,,84.078958,,1179.1989580000002
2024-02-08,69.63,1060.8000000000002,,,60.0,,1190.4300000000003
2024-02-09,38.64,1060.8000000000002,,,46.239936,,1145.6799360000002
2024-02-10,50.96,1060.8000000000002,,,92.679936,,1204.4399360000002
2024-02-11,42.5,1060.8000000000002,,,50.599968,,1153.8999680000002
2024-02-12,50.085,1060.8000000000002,,,343.779936,,1454.6649360000001
2024-02-13,37.88,1060.8000000000002,,,230.25993599999998,,1328.9399360000002
2024-02-14,45.32,1060.8000000000002,,,139.2,,1245.3200000000002
2024-02-15,79.72,1060.8000000000002,,,98.50827,,1239.0282700000002
2024-02-16,43.03,1060.8000000000002,,,83.4,,1187.2300000000002
2024-02-17,50.8575,1060.8000000000002,,,139.2,,1250.8575000000003
2024-02-18,35.835,1060.8000000000002,,,64.03125,,1160.6662500000002
2024-02-19,38.24,1060.8000000000002,,,166.82952,,1265.8695200000002
2024-02-20,35.12,1060.8000000000002,,,199.66580100000002,,1295.5858010000002
2024-02-21,37.795,1060.8000000000002,,,72.205208,,1170.8002080000003
2024-02-22,50.22,1060.8000000000002,,,36.139968,,1147.1599680000002
2024-02-23,84.88,1060.8000000000002,,,145.74,,1291.4200000000003
2024-02-24,42.525,1060.8000000000002,,,60.0,,1163.3250000000003
2024-02-25,55.44,1060.8000000000002,,,60.0,,1176.2400000000002
2024-02-26,43.92,1060.8000000000002,,,108.11351,,1212.8335100000002
2024-02-27,83.72,1060.8000000000002,,,139.2,,1283.7200000000003
2024-02-28,38.8025,1060.8000000000002,,,139.2,,1238.8025000000002
2024-02-29,77.96,1060.8000000000002,,,82.21976,,1220.9797600000002
2024-03-01,59.12,1060.8000000000002,,,178.975208,,1298.8952080000001
2024-03-02,41.379999999999995,1060.8000000000002,,,69.661395,,1171.8413950000004
2024-03-03,36.8,1060.8000000000002,,,139.2,,1236.8000000000002
2024-03-04,44.4125,1060.8000000000002,,,367.98,,1473.1925
2024-03-05,50.32,1060.8000000000002,,,139.2,,1250.3200000000002
2024-03-06,34.839999999999996,1060.8000000000002,,,139.99996800000002,,1235.6399680000002
2024-03-07,36.84,1060.8000000000002,,,130.598958,,1228.2389580000001
2024-03-08,36.0,1060.8000000000002,,,53.629135000000005,,1150.429135
2024-03-09,36.2325,1060.8000000000002,,,27.644968000000002,,1124.6774680000003
2024-03-10,37.72,1060.8000000000002,,,60.0,,1158.5200000000002
2024-03-11,48.36,1060.8000000000002,,,83.19577,,1192.3557700000001
2024-03-12,40.48,1060.8000000000002,,,113.10000000000001,,1214.38
2024-03-13,39.525,1060.8000000000002,,,129.42000000000002,,1229.7450000000003
2024-03-14,77.84,1060.8000000000002,,,80.69288499999999,,1219.332885
2024-03-15,37.92,1060.8000000000002,,,49.384102999999996,,1148.1041030000004
2024-03-16,37.714999999999996,1060.8000000000002,,,40.62,,1139.135
2024-03-17,64.6075,1060.8000000000002,,,199.99996800000002,,1325.4074680000003
2024-03-18,40.265,1060.8000000000002,,,199.99996800000002,,1301.0649680000004
2024-03-19,36.4275,1060.8000000000002,,,199.99996800000002,,1297.2274680000003
2024-03-20,55.3025,1060.8000000000002,,,120.833333,,1236.9358330000002
2024-03-21,39.06,1060.8000000000002,,,316.175,,1416.035
2024-03-22,39.16,1060.8000000000002,,,109.80000000000001,,1209.7600000000002
2024-03-23,37.8425,1060.8000000000002,,,5.479968,,1104.1224680000003
2024-03-24,36.75,1060.8000000000002,,,168.207083,,1265.7570830000002
2024-03-25,52.36,1060.8000000000002,,,697.939968,,1811.099968
2024-03-26,37.72,1060.8000000000002,,,199.99996800000002,,1298.5199680000003
2024-03-27,37.5925,1060.8000000000002,,,199.99996800000002,,1298.3924680000002
2024-03-28,39.2,1060.8000000000002,,,165.562468,,1265.5624680000003
2024-03-29,35.48,1060.8000000000002,,,199.99996800000002,,1296.2799680000003
2024-03-30,39.144166,1060.8000000000002,,,51.859343,,1151.8035090000003
2024-03-31,34.993331,11.05,,,0.523958,,46.567288999999995
2024-04-01,37.76,1060.8000000000002,,,8.22,,1106.7800000000002
2024-04-02,93.17999999999999,1060.8000000000002,,,48.61476,,1202.5947600000002
2024-04-03,48.89,1060.8000000000002,,,39.12,,1148.8100000000002
2024-04-04,38.36,1060.8000000000002,,,81.711635,,1180.871635
2024-04-05,39.265,1060.8000000000002,,,36.342228,,1136.4072280000003
2024-04-06,38.83,1060.8000000000002,,,10.269311,,1109.8993110000001
2024-04-07,50.88,1060.8000000000002,,,27.559967999999998,,1139.2399680000003
2024-04-08,146.85,1060.8000000000002,,,52.32000000000001,,1259.97
2024-04-09,197.86,1060.8000000000002,,,28.629375000000003,,1287.2893750000003
2024-04-10,140.865,1060.8000000000002,,,265.76125,,1467.4262500000002
2024-04-11,155.56,1060.8000000000002,,,169.875625,,1386.2356250000003
2024-04-12,115.125,1060.8000000000002,,,151.16601,,1327.09101
2024-04-13,114.1,1060.8000000000002,,,32.339999999999996,,1207.24
2024-04-14,129.52,1060.8000000000002,,,17.439936,,1207.7599360000002
2024-04-15,231.165,1060.8000000000002,,,16.014936000000002,,1307.9799360000002
2024-04-16,228.57625,1060.8000000000002,,,10.260416,,1299.6366660000003
2024-04-17,252.28,1060.8000000000002,,,199.99996800000002,,1513.0799680000002
2024-04-18,157.78,1060.8000000000002,,,199.99996800000002,,1418.5799680000002
2024-04-19,166.415,1060.8000000000002,,,140.62496800000002,,1367.8399680000002
2024-04-20,139.84,1060.8000000000002,,,5.499936,,1206.139936
2024-04-21,238.1,1060.8000000000002,,,8.839967999999999,,1307.739968
2024-04-22,248.74,1060.8000000000002,,,198.00871800000002,,1507.5487180000002
2024-04-23,226.95125,1060.8000000000002,,,199.99996800000002,,1487.7512180000003
2024-04-24,229.26,1060.8000000000002,,,199.99996800000002,,1490.0599680000003
2024-04-25,178.865,1060.8000000000002,,,199.99996800000002,,1439.6649680000003
2024-04-26,161.04625,1060.8000000000002,,,199.99996800000002,,1421.8462180000001
2024-04-27,242.94,1060.8000000000002,,,99.96000000000001,,1403.7000000000003
2024-04-28,195.66,1060.8000000000002,,,60.0,,1316.4600000000003
2024-04-29,182.12625,1060.8000000000002,,,198.541635,,1441.4678850000003
2024-04-30,265.32,1060.8000000000002,,,259.374968,,1585.4949680000002
2024-05-01,106.24000000000001,1060.8000000000002,,,11.990593,,1179.0305930000002
2024-05-02,126.62,1060.8000000000002,,,79.264343,,1266.6843430000001
2024-05-03,95.52,1060.8000000000002,,,99.791603,,1256.111603
2024-05-04,110.8,1060.8000000000002,,,198.958301,,1370.558301
2024-05-05,94.35,1060.8000000000002,,,46.419936,,1201.569936
2024-05-06,195.76,1060.8000000000002,,,199.99996800000002,,1456.5599680000003
2024-05-07,203.415,1060.8000000000002,,,199.99996800000002,,1464.2149680000002
2024-05-08,224.8,1060.8000000000002,,,39.999936,,1325.599936
2024-05-09,95.7,1060.8000000000002,,,22.405176,,1178.9051760000002
2024-05-10,78.8,1060.8000000000002,,,24.258477999999997,,1163.858478
2024-05-11,75.2,1060.8000000000002,,,10.049790999999999,,1146.0497910000001
2024-05-12,69.625,1060.8000000000002,,,123.559968,,1253.9849680000002
2024-05-13,295.1,1060.8000000000002,,,139.99996800000002,,1495.8999680000002
2024-05-14,290.44,1060.8000000000002,,,83.27708299999999,,1434.5170830000002
2024-05-15,175.265,1060.8000000000002,,,198.777885,,1434.842885
2024-05-16,43.44,1060.8000000000002,,,199.99996800000002,,1304.2399680000003
2024-05-17,68.48,1060.8000000000002,,,199.99996800000002,,1329.2799680000003
2024-05-18,45.28,1060.8000000000002,,,168.333333,,1274.4133330000002
2024-05-19,42.410000000000004,1060.8000000000002,,,175.02600999999999,,1278.2360100000003
2024-05-20,66.65,1060.8000000000002,,,76.059936,,1203.5099360000004
2024-05-21,128.15,1060.8000000000002,,,198.51104099999998,,1387.4610410000003
2024-05-22,47.44,1060.8000000000002,,,168.0,,1276.2400000000002
2024-05-23,154.78,1060.8000000000002,,,139.99996800000002,,1355.5799680000002
2024-05-24,119.62,1060.8000000000002,,,139.99996800000002,,1320.4199680000002
2024-05-25,49.22,1060.8000000000002,,,167.708333,,1277.7283330000002
2024-05-26,42.77,1060.8000000000002,,,91.148895,,1194.7188950000002
2024-05-27,121.68,1060.8000000000002,,,199.79999999999998,,1382.2800000000002
2024-05-28,69.685,1060.8000000000002,,,13.02601,,1143.5110100000002
2024-05-29,176.595,1060.8000000000002,,,139.99996800000002,,1377.3949680000003
2024-05-30,106.88,1060.8000000000002,,,139.99996800000002,,1307.6799680000004
2024-05-31,142.4,1060.8000000000002,,,100.416603,,1303.6166030000002
2024-06-01,44.425,1060.8000000000002,,,15.999936000000002,,1121.224936
2024-06-02,82.305,1060.8000000000002,,,15.999936000000002,,1159.1049360000002
2024-06-03,88.63625,1060.8000000000002,,,198.0,,1347.4362500000002
2024-06-04,103.605,1060.8000000000002,,,140.604135,,1305.0091350000002
2024-06-05,65.56,1060.8000000000002,,,139.99996800000002,,1266.3599680000002
2024-06-06,63.575,1060.8000000000002,,,167.708333,,1292.0833330000003
2024-06-07,122.2,1060.8000000000002,,,168.0,,1351.0000000000002
2024-06-08,43.76,1060.8000000000002,,,35.339999999999996,,1139.9
2024-06-09,44.555,1060.8000000000002,,,72.619968,,1177.9749680000002
2024-06-10,102.89999999999999,1060.8000000000002,,,79.999968,,1243.6999680000004
2024-06-11,133.7,1060.8000000000002,,,167.083333,,1361.5833330000003
2024-06-12,268.96,1060.8000000000002,,,100.70827,,1430.4682700000003
2024-06-13,127.685,1060.8000000000002,,,139.99996800000002,,1328.4849680000002
2024-06-14,133.07999999999998,1060.8000000000002,,,29.539968,,1223.4199680000002
2024-06-15,125.82,1060.8000000000002,,,16.140978,,1202.760978
2024-06-16,63.49,1060.8000000000002,,,30.507291000000002,,1154.797291
2024-06-17,85.77,1060.8000000000002,,,139.99996800000002,,1286.5699680000002
2024-06-18,137.82,1060.8000000000002,,,139.99996800000002,,1338.6199680000002
2024-06-19,86.255,11.05,1195.08,1196.44,86.602083,,2575.4270829999996
2024-06-20,44.64,,1546.5,1569.06,198.61499999999998,,3358.8149999999996
2024-06-21,60.32,,1932.82,1934.68,139.99996800000002,,4067.819968
2024-06-22,122.8,,846.925,850.525,105.019968,,1925.269968
2024-06-23,152.68,,994.215,994.215,93.184583,,2234.2945830000003
2024-06-24,151.575,,2919.8,2919.8,139.99996800000002,,6131.174968
2024-06-25,173.6,,3582.24,4911.32,197.395833,,8864.555833
2024-06-26,232.04,,1532.2,1532.2,139.99996800000002,,3436.439968
2024-06-27,342.26,,1833.02,1833.02,139.99996800000002,,4148.299967999999
2024-06-28,162.31375,,1182.6,1182.6,139.99996800000002,,2667.513718
2024-06-29,231.22,,1062.7,1100.64,31.145833,,2425.7058330000004
2024-06-30,152.50375,,754.04,778.325,89.52,,1774.38875
2024-07-01,281.0,,1626.42,1626.42,79.999968,,3613.839968
2024-07-02,369.98,,2022.0,2022.0,79.999968,,4493.979968
2024-07-03,486.12,,1617.06,1887.16,79.999968,,4070.339968
2024-07-04,137.76,,1074.3,1074.3,79.999968,,2366.3599679999998
2024-07-05,154.64,,723.4,723.4,79.999968,,1681.4399680000001
2024-07-06,48.32,,788.04,793.72,16.666603000000002,,1646.7466029999998
2024-07-07,50.485,,689.545,705.025,79.999968,,1525.054968
2024-07-08,325.35,,1332.335,1332.335,79.999968,,3070.019968
2024-07-09,595.8,,2182.305,2182.305,79.999968,,5040.409968
2024-07-10,347.68,,1537.875,1592.795,79.999968,,3558.3499680000004
2024-07-11,456.34,,1185.26,1185.26,79.999968,,2906.8599679999998
2024-07-12,273.21999999999997,,1802.32,1802.32,79.999968,,3957.8599679999998
2024-07-13,227.18,,1001.2,1015.6,30.718718,,2274.698718
2024-07-14,93.76,,1012.885,1012.885,70.98,,2190.5099999999998
2024-07-15,533.92,,1151.66,1165.08,79.90601,,2930.56601
2024-07-16,734.71125,,2414.3,2414.3,79.999968,,5643.311218000001
2024-07-17,782.2775,,1910.1200000000001,1910.1200000000001,79.999968,,4682.517468
2024-07-18,696.58,,1580.515,1580.515,79.999968,,3937.6099680000007
2024-07-19,737.72375,,1758.45,1758.45,79.999968,,4334.623718
2024-07-20,372.595,,1630.16,1637.2,79.999968,,3719.954968
2024-07-21,216.34,,1721.0,1721.0,79.999968,,3738.339968
2024-07-22,599.865,,3576.065,3090.065,79.999968,,7345.994968000001
2024-07-23,661.88,,3520.36,3520.36,79.999968,,7782.599968
2024-07-24,347.255,,2681.035,2681.035,79.999968,,5789.324968
2024-07-25,287.6,,2243.36,2243.36,79.999968,,4854.319968
2024-07-26,227.6,,1405.2,1415.2,79.999968,,3127.999968
2024-07-27,106.72,,1343.84,1343.84,37.8,,2832.2
2024-07-28,71.36,,957.255,957.255,24.816635,,2010.6866349999998
2024-07-29,207.76,,1260.62,1421.92,99.99993599999999,,2990.2999360000003
2024-07-30,404.08,,1941.86,1941.86,99.99993599999999,,4387.799936
2024-07-31,213.52,,2032.16,2032.16,99.99993599999999,,4377.839936
2024-08-01,320.655,,1615.06,1615.06,139.99996800000002,,3690.7749679999997
2024-08-02,330.355,,1328.82,1328.82,139.99996800000002,,3127.994968
2024-08-03,81.12,,1852.06,1852.06,12.323958000000001,,3797.5639579999997
2024-08-04,102.2,,1526.475,1526.475,28.659936000000002,,3183.8099359999997
2024-08-05,345.52,,1903.16,1936.78,99.99993599999999,,4285.459936
2024-08-06,403.13,,1643.18,1643.18,98.95104099999999,,3788.4410409999996
2024-08-07,227.56,,2132.82,2132.82,52.92,,4546.120000000001
2024-08-08,128.95,,2245.42,2245.42,99.99993599999999,,4719.789936
2024-08-09,124.00500000000001,,1049.18,1049.18,99.99993599999999,,2322.3649360000004
2024-08-10,68.4,,1078.0,1078.0,53.66767599999999,,2278.067676
2024-08-11,57.53,,935.28,935.28,69.131988,,1997.221988
2024-08-12,248.205,,1535.88,1535.88,99.680144,,3419.645144
2024-08-13,633.26,,1641.58,1641.58,124.442676,,4040.862676
2024-08-14,701.25,,1482.06,1482.06,139.99996800000002,,3805.369968
2024-08-15,91.41,,1022.495,1022.495,71.837468,,2208.2374680000003
2024-08-16,465.795,,1707.04,1707.04,123.330353,,4003.205353
2024-08-17,359.0725,,1491.76,1491.76,62.941426,,3405.5339259999996
2024-08-18,204.76,,1781.285,1781.285,71.28,,3838.61
2024-08-19,656.085,,1983.525,1983.525,99.70076999999999,,4722.835770000001
2024-08-20,699.97,,2118.125,2118.125,53.964551,,4990.184551
2024-08-21,508.36,,3651.72,3651.72,99.99993599999999,,7911.799935999999
2024-08-22,258.32,,1724.84,1724.84,60.416666,,3768.416666
2024-08-23,80.48,,1420.045,1420.045,60.0,,2980.57
2024-08-24,176.63,,2445.6,2445.6,18.799968,,5086.629968
2024-08-25,61.2,,1577.86,1577.86,39.999936,,3256.9199360000002
2024-08-26,565.24,,1627.96,1627.96,99.37493599999999,,3920.534936
2024-08-27,664.485,,3255.1,3255.1,139.246811,,7313.9318109999995
2024-08-28,795.84,,2355.79,2355.79,139.99996800000002,,5647.419968
2024-08-29,772.405,,1496.14,1496.14,139.99996800000002,,3904.6849680000005
2024-08-30,742.695,,1638.96,1638.96,139.99996800000002,,4160.614968
2024-08-31,358.14,,1673.42,1673.42,99.99993599999999,,3804.979936
2024-09-01,56.08,,1231.74,1231.74,90.66,,2610.22
2024-09-02,442.045,,1933.48,1933.48,139.99996800000002,,4449.004968
2024-09-03,839.36,,2489.7200000000003,2489.7200000000003,139.99996800000002,,5958.799968000001
2024-09-04,613.06125,,1752.2,1752.2,139.99996800000002,,4257.461218
2024-09-05,901.22,,2254.88,2254.88,139.99996800000002,,5550.979968000001
2024-09-06,813.94,,2022.06,2022.06,94.5,,4952.5599999999995
2024-09-07,113.45,,1132.04,1136.26,93.979968,,2475.729968
2024-09-08,62.0,,1194.335,1194.335,33.42,,2484.09
2024-09-09,143.235,,2653.7200000000003,2835.9,65.73976,,5698.594760000001
2024-09-10,218.0,,5135.1,5135.1,40.271603,,10528.471603
2024-09-11,200.46,,2994.08,2994.08,103.649936,,6292.269936
2024-09-12,438.795,,2041.96,2041.96,139.62830100000002,,4662.343301
2024-09-13,209.36,,1373.16,1386.98,139.99996800000002,,3109.499968
2024-09-14,231.345,,1782.82,1782.82,79.999968,,3876.9849679999998
2024-09-15,167.2,,1379.315,1379.315,29.299968,,2955.1299679999997
2024-09-16,700.86,,3129.2400000000002,3129.2400000000002,90.879936,,7050.219936
2024-09-17,916.3225,,5331.38,5331.38,67.486186,,11646.568686
2024-09-18,496.71,,3109.58,3109.58,139.242051,,6855.112051
2024-09-19,292.0,,1408.3,1408.3,142.759968,,3251.3599679999998
2024-09-20,95.0,,1468.18,1468.18,149.059968,,3180.419968
2024-09-21,232.78,,1151.21,1151.21,14.516218,,2549.716218
2024-09-22,93.025,,776.395,776.395,99.094728,,1744.909728
2024-09-23,147.68,,1330.1,1330.1,130.617676,,2938.497676
2024-09-24,147.7125,,1714.98,1714.98,139.905593,,3717.578093
2024-09-25,195.12,,771.575,771.575,104.719968,,1842.9899679999999
2024-09-26,287.96000000000004,,1212.6,1212.6,56.032468,,2769.1924679999997
2024-09-27,308.62,,1139.18,1139.18,59.735593,,2646.7155930000004
2024-09-28,197.92,,1371.025,1374.385,156.0,,3099.33
2024-09-29,332.64,,1280.135,1280.135,39.999936,,2932.909936
2024-09-30,515.52,,3639.7,3639.7,69.826041,,7864.746040999999
2024-10-01,987.52,,3337.855,3337.855,139.27226000000002,,7802.502259999999
2024-10-02,673.52,,2237.49,2237.49,139.99996800000002,,5288.499968
2024-10-03,543.42625,,2269.995,2269.995,199.79999999999998,,5283.21625
2024-10-04,691.9,,1497.4,1497.4,199.79999999999998,,3886.5000000000005
2024-10-05,746.105,,1365.305,1365.305,161.639904,,3638.3549040000003
2024-10-06,725.8875,,1081.325,1081.325,100.642019,,2989.1795190000003
2024-10-07,504.36,,1407.96,1407.96,198.760416,,3519.0404160000003
2024-10-08,666.56,,2620.32,2620.32,115.546875,,6022.746875000001
2024-10-09,379.28000000000003,,2260.84,2260.84,210.49125,,5111.451250000001
2024-10-10,616.66,,1701.6,1701.6,172.179936,,4192.039935999999
2024-10-11,350.40000000000003,,969.77,969.77,139.99996800000002,,2429.939968
2024-10-12,124.16,,1113.52,1140.68,99.99993599999999,,2478.3599360000003
2024-10-13,63.83,,742.365,798.805,128.24267600000002,,1733.242676
2024-10-14,557.385,,1276.31,1281.245,139.880593,,3254.8205929999995
2024-10-15,400.995,,1442.165,1490.345,139.99996800000002,,3473.504968
2024-10-16,359.68,,1449.03,1449.03,60.0,,3317.74
2024-10-17,272.08,,962.985,975.005,188.64577,,2398.7157700000002
2024-10-18,305.74,,835.1,835.1,140.520801,,2116.460801
2024-10-19,175.16,,746.555,821.455,30.0,,1773.17
2024-10-20,91.52,,487.6,493.9,7.92,,1080.94
2024-10-21,445.445,,1197.18,1197.18,138.62413500000002,,2978.4291350000003
2024-10-22,378.96000000000004,,1120.1399999999999,1120.1399999999999,139.99996800000002,,2759.239968
2024-10-23,417.27,,1044.975,1077.225,139.99996800000002,,2679.469968
2024-10-24,336.84000000000003,,1144.56,1149.135,139.99996800000002,,2770.534968
2024-10-25,225.36,,775.43,797.59,139.99996800000002,,1938.3799680000002
2024-10-26,101.6,,748.7099999999999,774.75,26.799936000000002,,1651.8599359999998
2024-10-27,97.939988,,757.905,757.905,183.816,,1797.565988
2024-10-28,231.935,,1171.44,1174.32,300.0,,2877.6949999999997
2024-10-29,218.92,,1379.96,1379.96,139.99996800000002,,3118.839968
2024-10-30,87.12,,1514.33,1549.91,127.095833,,3278.4558329999995
2024-10-31,189.495,,1679.44,1703.16,139.864135,,3711.959135
2024-11-01,167.4425,,1500.1200000000001,1503.14,25.56,,3196.2625000000003
2024-11-02,208.59,,1559.0149999999999,1559.18,97.019904,,3423.8049039999996
2024-11-03,162.88,,1430.6200000000001,1516.24,45.480000000000004,,3155.22
2024-11-04,277.44,,1243.7350000000001,1243.7350000000001,40.05702,,2804.9670200000005
2024-11-05,294.49,,1235.58,1235.58,99.84,,2865.49
2024-11-06,254.08,,1140.845,1140.845,99.84,,2635.61
2024-11-07,414.8,,1168.095,1168.095,95.09,,2846.08
2024-11-08,416.76,,1006.32,1024.64,95.03999999999999,,2542.76
2024-11-09,423.90999999999997,,1128.175,1192.455,60.365,,2804.9049999999997
2024-11-10,498.8,,1477.1200000000001,1516.02,40.20827,,3532.14827
2024-11-11,666.175,,1567.94,1660.94,16.942676,,3911.997676
2024-11-12,624.52,,1671.56,1671.56,95.03999999999999,,4062.68
2024-11-13,397.12,,1264.1,1264.1,99.99993599999999,,3025.319936
2024-11-14,222.54000000000002,,1148.86,1176.26,95.091666,,2642.7516659999997
2024-11-15,173.06,,805.64,983.3,95.03999999999999,,2057.04
2024-11-16,308.605,,1478.32,1478.32,31.76601,,3297.0110099999997
2024-11-17,424.28,,1727.56,1727.56,34.939583,,3914.339583
2024-11-18,404.55,,1135.455,1142.075,39.999936,,2722.079936
2024-11-19,563.64,,1623.135,1645.37,6.699936000000001,,3838.844936
2024-11-20,465.645,,1156.795,1330.355,9.079968000000001,,2961.874968
2024-11-21,431.9,,1004.285,1009.94,94.144583,,2540.269583
2024-11-22,364.96,,1104.61,1104.61,60.365,,2634.5449999999996
2024-11-23,522.94,,1420.665,1448.545,8.9375,,3401.0875
2024-11-24,173.12,,455.32,460.24,5.45101,,1094.13101
2024-11-25,653.1825,,497.8,520.34,49.999967999999996,,1721.3224680000003
2024-11-26,502.86,,1624.4,1628.4,120.0,,3875.6600000000003
2024-11-27,705.46,,1987.98,2008.8,38.779968,,4741.019968
2024-11-28,359.17625,,1135.68,1135.68,60.0,,2690.53625
2024-11-29,893.8199999999999,,1233.48,1300.38,60.0,,3487.6800000000003
2024-11-30,681.3525000000001,,1307.3,1390.38,92.992645,,3472.025145
2024-12-01,728.1800000000001,,1743.52,1768.82,20.625416,,4261.145415999999
2024-12-02,459.36,,1015.08,1132.06,131.42553,,2737.92553
2024-12-03,177.2,,876.96,880.84,520.299936,,2455.299936
2024-12-04,157.52,,688.62,695.16,499.99996799999997,,2041.2999679999998
2024-12-05,410.295,,1312.8600000000001,1384.58,122.157228,,3229.892228
2024-12-06,221.76,,1125.385,1160.465,60.0,,2567.6099999999997
2024-12-07,90.82,,650.8,665.0600000000001,6.0875,,1412.7675
2024-12-08,139.73,,832.9300000000001,840.065,16.539936,,1829.264936
2024-12-09,387.18,,1218.475,1328.655,212.10000000000002,,3146.41
2024-12-10,366.9625,,1237.675,1243.395,161.41996799999998,,3009.452468
2024-12-11,172.48499999999999,,1185.04,943.12,1225.059936,,3525.704936
2024-12-12,324.705,,1490.955,1505.055,660.0,,3980.715
2024-12-13,188.9925,,1466.86,1220.5,1194.375,,4070.7275
2024-12-14,157.66,,605.04,605.04,11.299968,,1379.0399679999998
2024-12-15,381.14,,1484.48,1710.78,23.499936,,3599.899936
2024-12-16,298.775,,952.22,956.8199999999999,164.574936,,2372.3899359999996
2024-12-17,277.71999999999997,,864.44,922.96,321.63993600000003,,2386.759936
2024-12-18,281.0,,1288.72,1288.72,30.544166,,2888.984166
2024-12-19,192.27,,1328.92,1328.92,62.899968,,2913.0099680000003
2024-12-20,271.1,,847.775,865.5550000000001,116.45621799999999,,2100.886218
2024-12-21,402.77875,,713.02,749.4,6.899102999999999,,1872.097853
2024-12-22,147.655,,610.465,625.795,9.381666000000001,,1393.296666
2024-12-23,392.62,,952.3,983.92,141.999936,,2470.8399360000003
2024-12-24,599.84,,1097.2,1133.54,190.07999999999998,,3020.66
2024-12-25,541.36375,,1366.44,1366.44,83.64,,3357.88375
2024-12-26,369.45625,,910.1,1030.84,196.80875,,2507.205
2024-12-27,246.54,,638.0,685.6,198.0,,1768.1399999999999
2024-12-28,225.435,,504.055,523.22,198.0,,1450.71
2024-12-29,412.16,,1434.1399999999999,1475.04,198.0,,3519.34
2024-12-30,256.22,,992.94,992.94,198.0,,2440.1000000000004
2024-12-31,900.94,,1763.22,2155.28,67.21996800000001,,4886.659968000001
2025-01-01,79.5325,,382.99,402.21999999999997,2.7,,867.4425000000001
2025-01-02,143.58,,385.93,391.36,71.429952,,992.299952
2025-01-03,150.555,,387.69,450.59999999999997,65.169984,,1054.014984
2025-01-04,69.55625,,355.59,355.59,62.963229,,843.6994789999999
2025-01-05,89.06,,336.63,402.98,3.5899199999999998,,832.2599200000001
2025-01-06,196.87875,,454.51,454.51,2.7,,1108.5987499999999
2025-01-07,227.44,,670.55,769.1800000000001,28.35988,,1695.52988
2025-01-08,276.89,,518.14,522.44,30.0,,1347.47
2025-01-09,259.33,,490.8375,495.6875,81.21089,,1327.06589
2025-01-10,240.49,,368.03,368.03,99.809832,,1076.3598319999999
2025-01-11,189.57125000000002,,451.05,523.52,50.759904000000006,,1214.9011540000001
2025-01-12,229.44,,513.52,548.6,63.559968,,1355.119968
2025-01-13,150.84,,301.155,344.065,191.92871799999998,,987.988718
2025-01-14,133.875,,249.975,249.975,427.59993599999996,,1061.424936
2025-01-15,222.755,,643.6925,652.6225000000001,612.52992,,2131.59992
2025-01-16,125.2,,590.35,469.77,86.789952,,1272.1099520000002
2025-01-17,125.75999999999999,,376.255,360.945,129.193582,,992.153582
2025-01-18,120.97812499999999,,294.415,294.415,69.9,,779.708125
2025-01-19,105.95,,328.76,328.76,25.029984,,788.499984
2025-01-20,70.7175,,449.85,449.85,286.012749,,1256.430249
2025-01-21,48.9175,,354.6775,354.6775,399.99993600000005,,1158.2724360000002
2025-01-22,90.13374999999999,,511.8875,517.6275,350.609952,,1470.258702
2025-01-23,202.64000000000001,,555.66,641.76,69.9,,1469.96
2025-01-24,233.45,,618.445,712.16,17.419968,,1581.4749679999998
2025-01-25,101.0675,,468.82,500.1,65.474103,,1135.4616030000002
2025-01-26,74.6,,454.8175,477.7275,3.4877960000000003,,1010.632796
2025-01-27,150.91,,492.23,492.23,2.918999,,1138.2889989999999
2025-01-28,258.216875,,839.15,839.15,4.229952,,1940.7468269999997
2025-01-29,229.6,,511.4,511.4,76.14,,1328.5400000000002
2025-01-30,267.16999999999996,,431.31,436.83,69.9,,1205.21
2025-01-31,223.31,,405.2775,439.32,69.9,,1137.8075000000001
2025-02-01,171.22,,400.615,402.53499999999997,49.217645,,1023.587645
2025-02-02,167.20125,,444.5,444.5,49.989551,,1106.190801
2025-02-03,148.57,,464.27,464.27,287.82,,1364.9299999999998
2025-02-04,244.1,,383.46,383.46,245.739936,,1256.759936
2025-02-05,127.36,,503.12,601.9,76.90717099999999,,1309.2871710000002
2025-02-06,127.17,,362.3825,362.3825,96.880994,,948.8159939999999
2025-02-07,158.90375,,507.79,507.79,28.195337,,1202.6790870000002
2025-02-08,119.08,,696.21,708.94,17.425665,,1541.655665
2025-02-09,118.93,,704.5725,766.3725000000001,49.999967999999996,,1639.874968
2025-02-10,146.43,,455.28499999999997,508.1925,69.9,,1179.8075
2025-02-11,155.84,,461.21999999999997,461.21999999999997,69.9,,1148.18
2025-02-12,132.16,,561.2,561.2,179.209375,,1433.7693749999999
2025-02-13,111.96,,355.24,358.76,185.599968,,1011.559968
2025-02-14,136.820625,,503.4675,505.65749999999997,122.10833299999999,,1268.053958
2025-02-15,136.890625,,498.84,498.84,34.62,,1169.1906249999997
2025-02-16,163.64,,715.08,715.08,30.579936000000004,,1624.3799360000003
2025-02-17,171.18,,446.38,449.59,147.558566,,1214.7085659999998
2025-02-18,195.74,,463.84,462.33,56.649894999999994,,1178.5598949999999
2025-02-19,251.4,,565.84,565.84,50.059135,,1433.139135
2025-02-20,279.75,,699.99,701.33,41.429952,,1722.4999520000001
2025-02-21,195.91,,677.3225,677.345,36.353437,,1586.9309369999999
2025-02-22,108.5625,,581.31,584.75,33.271875,,1307.8943749999999
2025-02-23,147.5,,629.86,641.91,20.286275,,1439.556275
2025-02-24,254.33625,,669.9,670.15,32.796794999999996,,1627.183045
2025-02-25,169.06,,499.74,548.5225,41.55915,,1258.88165
2025-02-26,230.25,,575.48,575.48,174.449952,,1555.659952
2025-02-27,149.4075,,548.25,414.51,147.48,,1259.6475
2025-02-28,106.36,,367.71,367.71,69.99993599999999,,911.7799359999999
2025-03-01,142.95499999999998,,483.78,522.94,30.939936,,1180.614936
2025-03-02,189.55,,561.98,561.98,49.24992,,1362.75992
2025-03-03,293.72,,480.8325,540.2925,69.684895,,1384.5298950000001
2025-03-04,309.6825,,449.825,467.865,69.9,,1297.2725
2025-03-05,332.02,,514.175,553.83,69.998895,,1470.023895
2025-03-06,332.23062500000003,,482.81,527.6,30.0,,1372.640625
2025-03-07,361.92,,471.83,504.585,28.329983999999996,,1366.664984
2025-03-08,113.339375,,303.69,315.11,4.769952,,736.909327
2025-03-09,156.94125,,372.36,384.62,29.189951999999998,,943.1112019999999
2025-03-10,314.25125,,561.48,586.66,69.475937,,1531.867187
2025-03-11,271.64,,442.665,464.265,119.478125,,1298.0481250000003
2025-03-12,238.2225,,435.32,443.58,70.421875,,1187.544375
2025-03-13,204.32,,359.625,346.895,69.9,,980.7399999999999
2025-03-14,143.05,,365.95,349.18,99.99993599999999,,958.179936
2025-03-15,129.6975,,439.5225,439.5225,59.109984,,1067.852484
2025-03-16,144.2,,472.42,490.67,60.299904,,1167.589904
2025-03-17,239.04,,626.8175,630.35,67.959936,,1564.167436
2025-03-18,410.5975,,578.28,578.28,64.999968,,1632.157468
2025-03-19,397.55,,636.4075,637.6375,64.999968,,1736.594968
2025-03-20,222.08,,530.67,530.67,39.999936,,1323.419936
2025-03-21,200.42000000000002,,420.68,420.68,3.099936,,1044.879936
2025-03-22,75.33,,324.48,327.58,3.22992,,730.61992
2025-03-23,109.16,,358.215,362.4525,64.35652999999999,,894.18403
2025-03-24,285.505,,696.9525,808.735,60.052083,,1851.2445830000001
2025-03-25,353.37,,568.71,579.7,60.0,,1561.7800000000002
2025-03-26,255.52,,553.95,556.6975,60.0,,1426.1675
2025-03-27,204.12,,453.09,493.7225,60.0,,1210.9325000000001
2025-03-28,250.998125,,557.67,582.235,10.520769999999999,,1401.423895
2025-03-29,229.4075,,517.46,533.63,49.56,,1330.0575
2025-03-30,139.559992,,414.8,442.33,13.939931999999999,,1010.6299240000001
2025-03-31,287.21,,720.76,723.25,149.70998400000002,,1880.929984
2025-04-01,463.5,,1205.0775,1219.4375,100.94325400000001,,2988.958254
2025-04-02,488.37,,959.52,961.02,70.21802,,2479.1280199999997
2025-04-03,462.0,,1038.22875,1077.69875,128.889015,,2706.816515
2025-04-04,422.78,,943.28375,943.28375,15.500072000000001,,2324.8475719999997
2025-04-05,163.68375,,703.5649999999999,703.5649999999999,10.034848,,1580.8485979999998
2025-04-06,136.91750000000002,,1208.4825,1208.4825,30.0,,2583.8825
2025-04-07,438.29,,822.5,833.85,90.0,,2184.64
2025-04-08,471.83,,1469.65375,1469.65375,90.0,,3501.1375
2025-04-09,448.04,,915.58,935.16,70.20827,,2368.9882700000003
2025-04-10,282.20625,,670.77,649.32,50.208301,,1652.5045509999998
2025-04-11,226.9775,,623.32,626.4300000000001,75.199968,,1551.9274679999999
2025-04-12,68.64,,704.6899999999999,704.6899999999999,30.470833,,1508.490833
2025-04-13,69.03,,745.0275,745.0275,39.14375,,1598.22875
2025-04-14,391.4,,611.055,632.065,90.0,,1724.52
2025-04-15,261.52,,2919.4575,2323.4275,48.95202,,5553.3570199999995
2025-04-16,312.68,,3858.5625,3847.0025,89.567916,,8107.812916000001
2025-04-17,390.53499999999997,,1528.9125,1043.45,90.0,,3052.8975
2025-04-18,179.06,,980.1525,679.07875,50.416635,,1888.7078850000003
2025-04-19,54.3,,609.87,481.935,9.872347999999999,,1155.9773480000001
2025-04-20,67.0,,545.395,525.7025,29.785937,,1167.883437
2025-04-21,100.34,,457.4525,396.92875,89.375,,1044.09625
2025-04-22,420.8,,2073.6825,924.5225,90.0,,3509.005
2025-04-23,201.26749999999998,,1014.32375,1009.4762499999999,175.015025,,2400.0825250000003
2025-04-24,367.1425,,983.63375,767.09375,90.0,,2207.87
2025-04-25,293.88,,925.365,653.9350000000001,90.0,,1963.1799999999998
2025-04-26,67.58,,1081.7575,718.41,69.99993599999999,,1937.7474359999999
2025-04-27,48.48,,1169.6,986.075,69.9,,2274.055
2025-04-28,332.52,,926.545,718.455,69.9,,2047.42
2025-04-29,286.26,,910.1325,772.6725,43.94315,,2013.0081500000001
2025-04-30,285.56,,705.5825,568.66125,60.0,,1619.80375
2025-05-01,179.32,,292.06,315.49,10.520769999999999,,797.39077
2025-05-02,300.63374999999996,,651.08125,570.4775,29.791666,,1551.984166
2025-05-03,54.36375,,478.175,424.375,5.745265,,962.6590150000001
2025-05-04,48.86,,442.95750000000004,390.8475,3.768077,,886.433077
2025-05-05,140.68,,348.08,331.36,7.955697000000001,,828.075697
2025-05-06,241.18,,1002.7125,678.775,9.979103,,1932.646603
2025-05-07,376.28499999999997,,815.19125,754.8562499999999,14.769984,,1961.102484
2025-05-08,160.72,,285.73,246.41,7.999968000000001,,700.859968
2025-05-09,233.06,,391.1025,335.4975,7.999968000000001,,967.659968
2025-05-10,99.16,,985.4399999999999,566.87,63.379968000000005,,1714.8499679999998
2025-05-11,106.0,,1278.7275,791.17,30.0,,2205.8975
2025-05-12,253.08,,625.43,520.33,127.50363,,1526.34363
2025-05-13,551.61,,1160.82375,837.51125,134.932604,,2684.8776040000002
2025-05-14,213.5,,499.68375000000003,414.56874999999997,70.578125,,1198.330625
2025-05-15,275.8875,,391.78999999999996,418.36,60.0,,1146.0375
2025-05-16,131.8975,,736.82625,651.275,74.4,,1594.39875
2025-05-17,92.16,,771.91,654.69,69.99993599999999,,1588.759936
2025-05-18,52.18,,662.8575,590.655,40.916066,,1346.6085659999999
2025-05-19,212.28,,474.67,417.6,69.59489500000001,,1174.1448950000001
2025-05-20,494.12,,1128.89875,914.6850000000001,78.20252500000001,,2615.9062750000003
2025-05-21,299.5375,,901.96,463.52,89.87802,,1754.89552
2025-05-22,231.3425,,777.36,400.89,64.949952,,1474.542452
2025-05-23,299.6475,,464.53875,278.2125,109.99996800000001,,1152.398718
2025-05-24,143.7325,,441.21999999999997,433.23,49.999967999999996,,1068.182468
2025-05-25,42.7175,,512.74,407.045,22.153093,,984.6555930000001
2025-05-26,306.84000000000003,,528.50125,483.1925,7.999968000000001,,1326.5337180000001
2025-05-27,514.3299999999999,,880.0600000000001,642.52,29.770833,,2066.680833
2025-05-28,351.15999999999997,,784.59375,513.7075,55.640025,,1705.1012749999998
2025-05-29,96.7825,,433.64,299.6075,57.621914999999994,,887.6519149999999
2025-05-30,198.54,,649.04125,510.17,69.772291,,1427.523541
2025-05-31,92.4,,936.52,430.99,30.0,,1489.91
2025-06-01,79.92,,778.0925,461.0725,12.93952,,1332.02452
2025-06-02,393.95,,970.25,610.22,135.0,,2109.42
2025-06-03,544.98,,1442.68625,881.13125,70.578125,,2939.375625
2025-06-04,404.2325,,626.44125,382.61625,35.539968,,1448.829968
2025-06-05,316.68,,635.82,549.78,49.849343,,1552.129343
2025-06-06,398.18,,536.5525,516.38,135.0,,1586.1125000000002
2025-06-07,60.017500000000005,,651.5699999999999,472.12,31.09375,,1214.80125
2025-06-08,159.96,,638.3924999999999,567.6625,30.0,,1396.0149999999999
2025-06-09,146.28,,309.16,224.04,30.0,,709.48
2025-06-10,380.68,,841.29875,488.47625,98.597885,,1809.0528849999998
2025-06-11,308.9575,,835.77,512.17,31.929343,,1688.826843
2025-06-12,314.24,,1029.6975,776.0025,91.74998400000001,,2211.689984
2025-06-13,309.205,,771.52,489.19,63.912988999999996,,1633.827989
2025-06-14,70.12,,696.58125,469.65,34.239223,,1270.590473
2025-06-15,90.55499999999999,,771.6899999999999,491.90749999999997,12.22992,,1366.38242
2025-06-16,411.16,,1206.07375,715.5125,30.0,,2362.74625
2025-06-17,402.52,,1500.035,909.36,53.621275,,2865.536275
2025-06-18,347.63625,,1183.9775,765.88875,67.059936,,2364.562436
2025-06-19,420.48,,1268.32,833.11,66.24,,2588.1499999999996
2025-06-20,395.15000000000003,,1121.945,781.915,69.9,,2368.9100000000003
2025-06-21,139.32375,,1300.2275,631.145,76.30992,,2147.00617
2025-06-22,154.87375,,848.5975,570.0875,31.927155,,1605.485905
2025-06-23,300.02,,1273.98,799.21375,11.679936,,2384.893686
2025-06-24,904.68875,,1676.27,1111.6,60.308061,,3752.866811
2025-06-25,547.263125,,1386.19875,819.18125,109.48767600000001,,2862.1308010000002
2025-06-26,405.32,,786.66,514.08,52.554608,,1758.6146079999999
2025-06-27,306.455,,987.0625,493.03125,63.389952,,1849.938702
2025-06-28,143.355,,856.0899999999999,456.34,100.40995199999999,,1556.1949519999998
2025-06-29,204.81,,931.4300000000001,548.8425,88.030312,,1773.112812
2025-06-30,509.90000000000003,,897.01,632.27,99.189984,,2138.369984
2025-07-01,671.494375,,1190.9825,918.735,30.720729,,2811.932604
2025-07-02,642.5125,,993.68,607.15,59.6875,,2303.03
2025-07-03,470.82,,1248.45625,626.8875,178.75,,2524.9137499999997
2025-07-04,434.02,,945.22,596.43,69.9,,2045.5700000000002
2025-07-05,243.33,,543.805,392.79375,51.869952,,1231.798702
2025-07-06,239.85625,,608.75,373.46,33.439968,,1255.506218
2025-07-07,351.95,,2455.1800000000003,1775.1,60.0,,4642.23
2025-07-08,527.42875,,3299.11,5217.99,45.16613,,9089.69488
2025-07-09,550.79,,3629.5975,3577.89,129.999936,,7888.277436
2025-07-10,418.22999999999996,,1908.7725,1655.225,60.0,,4042.2275
2025-07-11,359.7275,,1404.63,799.53,69.9,,2633.7875
2025-07-12,305.3775,,883.8675000000001,630.5375,50.20726,,1869.9897600000002
2025-07-13,223.96,,744.4275,476.9475,70.089984,,1515.424984
2025-07-14,285.3,,741.0,400.87,78.48998399999999,,1505.6599840000001
2025-07-15,376.7475,,1248.65,748.51,70.088374,,2443.995874
2025-07-16,308.47,,1183.12625,865.055,75.027051,,2431.678301
2025-07-17,374.09375,,927.07375,549.63625,208.594583,,2059.398333
2025-07-18,333.61,,774.48,462.39,130.83327,,1701.31327
2025-07-19,162.8,,637.74,383.33,107.585921,,1291.455921
2025-07-20,98.71,,341.0225,264.34499999999997,48.113493999999996,,752.1909939999998
2025-07-21,201.64875,,1204.2925,885.38,76.18992,,2367.5111699999998
2025-07-22,381.16,,2457.13,1180.64,89.856145,,4108.786145
2025-07-23,443.2,,1294.1399999999999,801.0,90.0,,2628.34
2025-07-24,363.36,,1245.05,784.94,129.58327,,2522.93327
2025-07-25,316.84250000000003,,1633.785,840.2975,90.0,,2880.925
2025-07-26,100.17999999999999,,902.5,495.61,39.999936,,1538.289936
2025-07-27,162.9,,1026.68,689.6225000000001,41.395296,,1920.5977960000002
2025-07-28,313.82,,1159.07,799.86,86.059984,,2358.809984
2025-07-29,463.4675,,1615.99,1419.845,109.75548900000001,,3609.057989
2025-07-30,376.91375,,955.75,625.29,114.23535299999999,,2072.1891029999997
2025-07-31,368.28999999999996,,1185.82,824.65,90.0,,2468.7599999999998
2025-08-01,293.26,,938.62625,539.3375,171.91996799999998,,1943.143718
2025-08-02,164.076875,,629.65,378.37,98.08992,,1270.186795
2025-08-03,205.4,,572.0649999999999,428.385,30.489984,,1236.339984
2025-08-04,416.82125,,1479.27,813.4300000000001,138.209952,,2847.731202
2025-08-05,510.15,,2175.75,1489.98,31.968317,,4207.848317
2025-08-06,585.53,,2277.2200000000003,1969.49,149.04,,4981.28
2025-08-07,428.08875,,1067.86,736.3299999999999,159.999936,,2392.278686
2025-08-08,366.43,,960.88,557.66,54.809952,,1939.7799519999999
2025-08-09,113.396875,,775.94,471.2125,50.168822,,1410.7181970000001
2025-08-10,107.28,,434.6525,325.61,67.929984,,935.472484
2025-08-11,375.4725,,1075.9,714.355,104.76,,2270.4875
2025-08-12,355.1825,,1273.26,1093.03,191.2594,,2912.7318999999998
2025-08-13,470.13,,1106.06,694.62,207.919968,,2478.729968
2025-08-14,394.283125,,1131.15,647.03875,144.28992,,2316.7617950000003
2025-08-15,187.51,,787.13,413.13,23.499936,,1411.269936
2025-08-16,124.02,,714.99625,461.9225,46.309920000000005,,1347.24867
2025-08-17,149.6675,,572.9,365.02,13.229951999999999,,1100.817452
2025-08-18,448.58500000000004,,1273.2925,1029.78125,30.0,,2781.65875
2025-08-19,487.454375,,1217.85,785.13,10.208269999999999,,2500.642645
2025-08-20,266.68,,1576.7775,729.695,17.936426,,2591.0889260000004
2025-08-21,271.885,,911.76,482.85,60.0,,1726.495
2025-08-22,227.56,,771.92,587.06,69.9,,1656.44
2025-08-23,232.43,,788.13875,494.24625,30.415625,,1545.230625
2025-08-24,351.47,,778.0525,482.5425,79.469255,,1691.534255
2025-08-25,555.98,,1856.295,1329.535,159.999936,,3901.8099360000006
2025-08-26,516.96,,1143.50625,703.53625,94.12342100000001,,2458.125921
2025-08-27,521.7,,1141.1,725.45,174.999936,,2563.249936
2025-08-28,451.97625,,1521.15,1213.15,69.9,,3256.17625
2025-08-29,385.434375,,947.0487499999999,572.8675,69.9,,1975.2506250000001
2025-08-30,215.44,,482.47,291.74,40.311395,,1029.961395
2025-08-31,214.08,,416.0275,362.485,69.588541,,1062.181041
2025-09-01,333.29,,928.86,707.895,49.999967999999996,,2020.0449680000002
2025-09-02,334.92,,759.4,631.41,30.208333,,1755.938333
2025-09-03,286.4125,,523.55125,373.83875,23.95363,,1207.75613
2025-09-04,422.161875,,1017.4499999999999,577.09,36.399936,,2053.101811
2025-09-05,312.39,,640.64,380.78999999999996,98.585416,,1432.4054159999998
2025-09-06,128.68,,388.59375,305.21125,32.18577,,854.6707700000002
2025-09-07,271.59999999999997,,359.5725,366.7125,49.807051,,1047.692051
2025-09-08,408.875,,919.9625,435.7175,130.119936,,1894.6749360000001
2025-09-09,342.834375,,821.3525,635.4762499999999,80.522051,,1880.1851759999997
2025-09-10,329.34,,855.03,568.6,76.349952,,1829.3199519999998
2025-09-11,183.16,,267.99,320.825,5.535337,,777.5103369999999
2025-09-12,298.995,,427.1975,394.8625,49.999967999999996,,1171.0549680000001
2025-09-13,141.2,,266.02,216.21,8.437468,,631.8674679999999
2025-09-14,110.3,,139.195,198.6575,4.5600000000000005,,452.71250000000003
2025-09-15,234.7275,,317.1225,395.8525,3.3600000000000003,,951.0625000000001
2025-09-16,437.47,,674.5475,729.64125,43.814135,,1885.4728850000001
2025-09-17,496.6,,1241.31,1188.89,10.603983,,2937.403983
2025-09-18,326.85,,909.1325,570.91625,111.27993599999999,,1918.178686
2025-09-19,311.8,,1000.5,702.23,134.549952,,2149.079952
2025-09-20,204.88,,473.34375,310.2925,138.16992,,1126.68617
2025-09-21,126.895,,406.2575,293.89,13.32,,840.3625000000001
2025-09-22,390.143125,,1214.7124999999999,834.47,33.569952,,2472.895577
2025-09-23,533.49,,2547.13,2008.91,86.205937,,5175.7359369999995
2025-09-24,484.8475,,1594.97125,1210.33625,73.809984,,3363.9649839999997
2025-09-25,517.2574999999999,,1076.83,668.46,199.99996800000002,,2462.5474679999998
2025-09-26,378.40000000000003,,660.4,356.36,49.999967999999996,,1445.159968
2025-09-27,285.40250000000003,,508.12,276.4075,69.9,,1139.8300000000002
2025-09-28,241.1,,549.66,271.91,40.311395,,1102.981395
2025-09-29,329.38,,958.2625,691.8100000000001,175.948926,,2155.401426
2025-09-30,396.05875,,852.97,668.74,159.33984800000002,,2077.108598
2025-10-01,465.34,,506.645,395.0125,70.829687,,1437.8271869999999
2025-10-02,510.28,,624.21,397.15999999999997,69.9,,1601.5500000000002
2025-10-03,391.15,,484.22,262.73,35.878125,,1173.9781249999999
2025-10-04,238.12,,213.12,360.36875,3.160625,,814.769375
2025-10-05,373.784375,,349.605,458.5175,5.9965150000000005,,1187.90339
2025-10-06,442.5725,,596.50375,458.00875,183.848197,,1680.933197
2025-10-07,427.19,,661.87,676.17,368.288213,,2133.518213
2025-10-08,437.68,,557.5525,389.3725,69.9,,1454.505
2025-10-09,485.46,,837.2125,481.3075,69.9,,1873.88
2025-10-10,461.4475,,695.97375,557.18125,69.9,,1784.5025
2025-10-11,361.8,,609.78,473.55,55.279968000000004,,1500.409968
2025-10-12,320.6,,662.5625,474.3075,59.545088,,1517.015088
2025-10-13,333.34,,979.32125,1063.74625,69.792604,,2446.200104
2025-10-14,412.02,,924.74,845.03,129.373895,,2311.163895
2025-10-15,339.0,,556.8125,458.49375,69.9,,1424.2062500000002
2025-10-16,290.5625,,638.74,431.26,30.0,,1390.5625
2025-10-17,232.325,,715.74,472.53,49.999967999999996,,1470.594968
2025-10-18,234.81187500000001,,727.88625,474.085,49.999967999999996,,1486.783093
2025-10-19,193.25,,521.645,328.6,12.18,,1055.675
2025-10-20,260.58,,934.42625,792.57375,34.980000000000004,,2022.56
2025-10-21,254.76999999999998,,1012.54,781.83,158.15339,,2207.29339
2025-10-22,480.47,,819.0625,480.6775,70.832812,,1851.0428120000001
2025-10-23,277.84000000000003,,362.81,411.51125,949.999968,,2002.1612180000002
2025-10-24,429.26,,570.44,410.2825,22.512973000000002,,1432.4954730000002
2025-10-25,220.24,,218.5975,180.97375,8.709984,,628.5212339999999
2025-10-26,156.376,,177.6925,167.53,8.418,,510.01649999999995
2025-10-27,348.64,,607.3025,607.9625,49.570634999999996,,1613.475635
2025-10-28,507.42,,721.01125,607.12625,138.40992,,1973.9674200000002
2025-10-29,354.69,,574.43,367.07,30.0,,1326.1899999999998
2025-10-30,345.62,,648.01,383.7425,30.0,,1407.3725
2025-10-31,214.42937500000002,,293.95125,167.69625,19.658775,,695.73565
2025-11-01,184.1725,,189.58,131.53,3.51867,,508.80117
2025-11-02,163.12,,186.9825,105.32,9.629952,,465.05245199999996
2025-11-03,262.06,,333.6525,182.825,29.787812,,808.3253119999999
2025-11-04,283.08,,386.78749999999997,372.52,5.859935999999999,,1048.2474359999999
2025-11-05,268.0625,,253.4775,223.7925,3.425561,,748.758061
2025-11-06,268.48,,397.7775,267.03,29.722916,,963.010416
2025-11-07,224.79375,,565.8,323.33,30.0,,1143.92375
2025-11-08,196.07625000000002,,527.25,276.89,30.0,,1030.21625
2025-11-09,105.25750000000001,,517.97125,276.5725,30.0,,929.8012500000001
2025-11-10,122.24,,653.6575,368.075,30.0,,1173.9725
2025-11-11,74.6,,235.6575,198.19,3.0733900000000003,,511.52089
2025-11-12,104.47999999999999,,660.0525,708.7825,7.999968000000001,,1481.3149680000001
2025-11-13,118.67999999999999,,436.84000000000003,311.38,29.770833,,896.670833
2025-11-14,85.84,,351.44625,259.935,11.299968,,708.5212180000001
2025-11-15,89.675,,293.34,191.08,10.627083,,584.722083
2025-11-16,164.825,,391.99,211.71,5.89964,,774.4246400000001
2025-11-17,200.06,,500.6175,291.51,30.0,,1022.1875
2025-11-18,193.0275,,488.83,378.235,30.0,,1090.0925
2025-11-19,179.0125,,569.37,419.71,59.6875,,1227.78
2025-11-20,101.56,,338.34,265.5275,60.0,,765.4275
2025-11-21,88.63,,345.90625,174.23625,51.919968,,660.6924680000001
2025-11-22,71.731875,,233.34,222.16,6.729984,,533.9618589999999
2025-11-23,98.4225,,820.66,535.15,18.499968,,1472.7324680000002
2025-11-24,259.59000000000003,,622.685,445.8675,29.880208,,1358.022708
2025-11-25,244.12,,567.3575,377.64,10.525,,1199.6425
2025-11-26,190.8,,424.9,333.17,30.0,,978.8700000000001
2025-11-27,165.77,,278.22249999999997,220.89000000000001,69.9,,734.7824999999999
2025-11-28,157.77,,400.28000000000003,344.16,36.89738,,939.10738
2025-11-29,189.739375,,565.8675,321.2325,17.199936,,1094.039311
2025-11-30,172.14,,525.0325,349.34999999999997,29.866666,,1076.389166
2025-12-01,183.9,,456.48,412.43,11.119968,,1063.929968
2025-12-02,114.39,,376.94,228.52,31.455858,,751.3058580000001
2025-12-03,94.97,,222.16,171.82,30.0,,518.95
2025-12-04,210.34,,397.8675,312.15749999999997,30.0,,950.365
2025-12-05,135.37625,,366.14,265.8625,30.0,,797.3787500000001
2025-12-06,55.8775,,182.2,135.87,2.80992,,376.75741999999997
2025-12-07,44.2275,,95.115,85.02499999999999,2.9781649999999997,,227.345665
2025-12-08,152.62,,252.34,191.7,7.999968000000001,,604.659968
2025-12-09,208.02625,,471.0975,607.975,6.782733,,1293.8814830000001
2025-12-10,159.56875,,274.96999999999997,213.89,29.75802,,678.1867699999999
2025-12-11,156.95,,440.0575,320.38,30.0,,947.3874999999999
2025-12-12,127.15,,419.62,209.07,30.0,,785.8399999999999
2025-12-13,93.53625,,545.9525,331.32,30.0,,1000.8087499999999
2025-12-14,120.243125,,706.23,189.84,19.929984,,1036.243109
2025-12-15,154.02,,490.48,286.51,29.895104,,960.9051039999999
2025-12-16,91.589375,,451.19,243.98,30.0,,816.759375
2025-12-17,72.78999999999999,,265.32,135.42499999999998,30.0,,503.53499999999997
2025-12-18,141.155,,601.32,256.06,21.079968,,1019.6149680000001
2025-12-19,68.476875,,197.1275,108.82000000000001,101.82,,476.244375
2025-12-20,136.765,,295.19,245.0325,25.800144999999997,,702.787645
2025-12-21,148.6,,647.3975,202.715,29.129952000000003,,1027.842452
2025-12-22,103.785625,,386.24,148.54,27.629952000000003,,666.195577
2025-12-23,111.010625,,274.26,213.0025,7.999968000000001,,606.2730929999999
2025-12-24,111.4,,368.03499999999997,125.43,3.799968,,608.664968
2025-12-25,122.420625,,279.74,105.5,41.14992,,548.8105449999999
2025-12-26,148.13,,145.29,218.0525,41.649984,,553.122484
2025-12-27,124.30875,,415.5,234.2775,49.039968,,823.1262180000001
2025-12-28,141.57,,618.82,328.025,22.12992,,1110.54492
2025-12-29,72.62,,172.3325,95.41499999999999,51.035665,,391.403165
2025-12-30,90.74000000000001,,280.47,258.34000000000003,40.979046000000004,,670.5290460000001
2025-12-31,84.43,,178.9325,141.395,30.0,,434.75750000000005
2026-01-01,348.84,,444.37,176.53,4.780032,,974.520032
2026-01-02,353.5425,,440.93,244.51,98.889984,,1137.872484
2026-01-03,304.608125,,379.04,268.89,24.280032,,976.8181569999999
2026-01-04,262.04375,,260.83,171.89,42.079967999999994,,736.843718
2026-01-05,212.244375,,336.28000000000003,84.51,345.319968,,978.354343
2026-01-06,166.53875,,162.01,50.660000000000004,69.9,,449.10875
2026-01-07,275.361875,,201.98,130.09,39.0,,646.431875
2026-01-08,228.19,,248.96,120.69,83.46000000000001,,681.3
2026-01-09,412.811875,,514.75,275.55,58.14,,1261.2518750000002
2026-01-10,272.099375,,486.15999999999997,311.57,69.9,,1139.7293750000001
2026-01-11,152.063125,,229.3,162.88,69.9,,614.1431249999999
2026-01-12,286.56374999999997,,354.99,207.98,89.34,,938.8737500000001
2026-01-13,249.92000000000002,,310.54,196.2,69.9,,826.5600000000001
2026-01-14,164.108125,,217.5,140.21,84.710016,,606.528141
2026-01-15,252.54999999999998,,701.18,357.05,28.92,,1339.7
2026-01-16,215.55,,477.15,245.34,70.02,,1008.0600000000001
2026-01-17,180.260625,,416.16,118.05,8.359967999999999,,722.8305929999999
2026-01-18,185.6,,787.98,237.48,30.0,,1241.06
2026-01-19,202.92625,,365.92,122.03,60.0,,750.87625
2026-01-20,215.0325,,369.48,101.18,68.839968,,754.5324680000001
2026-01-21,337.05,,574.07,342.19,10.389984,,1263.699984
2026-01-22,294.01,,471.46999999999997,239.18,36.480000000000004,,1041.14
2026-01-23,233.3,,383.8,297.9,40.000032000000004,,955.000032
2026-01-24,183.736875,,529.82,262.64,2.8399680000000003,,979.036843
2026-01-25,159.64,,442.32,291.36,21.12,,914.44
2026-01-26,172.66,,349.19,240.85,69.9,,832.6
2026-01-27,290.51,,383.15,233.18,33.990048,,940.8300479999999
2026-01-28,194.16125,,333.92,163.95000000000002,49.999967999999996,,742.031218
2026-01-29,246.12687499999998,,388.84000000000003,214.25,51.789984000000004,,901.0068590000001
2026-01-30,235.51999999999998,,502.01,380.41,64.74,,1182.68
2026-01-31,231.915625,,425.13,353.46,3.530016,,1014.035641
2026-02-01,204.66,,513.02,327.54,30.390048,,1075.610048
2026-02-02,268.398125,,468.94,352.55,49.999967999999996,,1139.888093
2026-02-03,311.86,,584.48,420.59,40.000032000000004,,1356.930032
2026-02-04,225.16,,444.3,305.5,35.800032,,1010.760032
2026-02-05,188.01000000000002,,322.05,201.4,62.479968,,773.939968
2026-02-06,170.92000000000002,,310.47,290.9,20.059968,,792.349968
2026-02-07,181.5925,,434.46,318.26,60.0,,994.3125
2026-02-08,166.32,,321.5,235.54999999999998,32.260032,,755.630032
2026-02-09,170.47,,222.95,121.33,42.940032,,557.690032
2026-02-10,179.01,,317.06,208.48,69.0,,773.55
2026-02-11,142.4325,,168.62,250.88,5.260032,,567.192532
2026-02-12,158.0275,,235.22,229.62,2.7,,625.5675000000001
2026-02-13,194.26,,218.01,188.81,69.9,,670.9799999999999
2026-02-14,115.715,,308.62,119.01,49.999967999999996,,593.344968
2026-02-15,108.87375,,202.56,140.14,49.999967999999996,,501.573718
2026-02-16,171.30937500000002,,186.24,140.78,4.660032,,502.989407
2026-02-17,274.99,,488.17,288.64,69.0,,1120.8000000000002
2026-02-18,226.1525,,486.32,372.85,118.550016,,1203.872516
2026-02-19,195.26,,476.09,265.71,60.0,,997.06
2026-02-20,176.7,,407.35,214.23,49.999967999999996,,848.2799679999999
2026-02-21,178.383125,,200.97,102.14,30.0,,511.49312499999996
2026-02-22,207.245625,,190.87,148.73,7.999968000000001,,554.845593
2026-02-23,300.76875,,274.9,199.57,60.0,,835.23875
2026-02-24,300.043125,,356.44,244.09,49.999967999999996,,950.573093
2026-02-25,226.00125,,270.77,242.10999999999999,49.999967999999996,,788.881218
2026-02-26,229.498125,,227.07,188.4,24.640031999999998,,669.608157
2026-02-27,142.8,,173.53,118.5,17.670048,,452.50004800000005
2026-02-28,146.256875,,172.38,111.66,30.0,,460.296875
2026-03-01,181.495,,183.67,112.46,13.600031999999999,,491.22503199999994
2026-03-02,221.21,,282.54,170.23,49.999967999999996,,723.979968
2026-03-03,281.33,,434.56,280.26,69.9,,1066.05
2026-03-04,209.76999999999998,,530.48,357.59999999999997,69.0,,1166.85
2026-03-05,260.42,,701.0,448.38,69.9,,1479.7000000000003
2026-03-06,173.7,,625.79,230.41,69.0,,1098.9
2026-03-07,169.3175,,353.83,152.14000000000001,49.999967999999996,,725.287468
2026-03-08,212.17000000000002,,363.88,137.15,49.999967999999996,,763.1999679999999
2026-03-09,336.5675,,524.62,248.9,90.0,,1200.0875
2026-03-10,364.71,,417.78,309.18,69.9,,1161.5700000000002
2026-03-11,397.3325,,541.1,386.05,41.889984,,1366.372484
2026-03-12,306.71999999999997,,340.08,326.88,30.0,,1003.68
2026-03-13,224.35,,277.42,160.95,69.0,,731.72
2026-03-14,288.001875,,657.02,255.59,49.999967999999996,,1250.611843
2026-03-15,208.49,,334.13,166.48,30.0,,739.1
2026-03-16,300.255625,,585.43,316.36,69.9,,1271.945625
2026-03-17,344.24,,826.56,506.3,40.000032000000004,,1717.1000319999998
2026-03-18,296.444375,,472.45,313.17,15.189984,,1097.254359
2026-03-19,359.04,,450.57,405.78,30.0,,1245.3899999999999
2026-03-20,390.82,,848.36,504.86,69.0,,1813.04
2026-03-21,212.775,,319.33,169.38,13.900032,,715.385032
2026-03-22,229.25,,363.66,217.41,30.0,,840.32
2026-03-23,500.69,,655.4,637.91,69.0,,1863.0
2026-03-24,484.53,,547.78,476.19,69.0,,1577.5
2026-03-25,438.83687499999996,,346.25,333.69,6.650016,,1125.426891
2026-03-26,417.58,,441.16,492.0,69.9,,1420.64
2026-03-27,373.00625,,508.43,158.13,69.0,,1108.5662499999999
2026-03-28,217.48499999999999,,469.37,237.99,30.0,,954.845
2026-03-29,316.569992,,351.36,155.16,27.550043999999996,,850.640036
2026-03-30,422.82,,381.14,200.20000000000002,27.48,,1031.64
2026-03-31,456.65,,612.7,257.19,69.0,,1395.54
2026-04-01,393.50374999999997,,1694.19,192.87,69.0,,2349.56375
2026-04-02,582.12125,,797.04,144.69,69.0,,1592.8512500000002
2026-04-03,308.79,,1086.9,169.56,69.0,,1634.25
2026-04-04,247.88,,878.97,119.94,13.900032,,1260.690032
2026-04-05,197.52,,881.9,239.57999999999998,30.0,,1349.0
2026-04-06,561.48,,1018.88,274.84,19.900032,,1875.100032
2026-04-07,545.73,,1148.7,242.27,30.0,,1966.7
2026-04-08,568.41125,,1297.57,295.21,49.999967999999996,,2211.191218
2026-04-09,568.42,,1460.64,314.64,60.0,,2403.7
2026-04-10,395.21999999999997,,834.02,162.34,30.0,,1421.58
2026-04-11,205.3575,,397.1,113.51,2.7400320000000002,,718.707532
2026-04-12,269.51,,603.07,92.77000000000001,30.0,,995.35
2026-04-13,412.09,,752.77,186.81,47.709984,,1399.379984
2026-04-14,444.389375,,1361.29,391.91,49.999967999999996,,2247.589343
2026-04-15,496.165,,1684.03,369.04,30.0,,2579.235
2026-04-16,494.7375,,1458.53,350.76,69.0,,2373.0275
2026-04-17,452.98625,,611.05,159.73,30.0,,1253.76625
2026-04-18,322.8275,,372.0,173.37,5.82,,874.0175
2026-04-19,368.54,,587.9,150.84,2.7400320000000002,,1110.020032
2026-04-20,415.34375,,920.4599999999999,187.13,30.0,,1552.9337500000001
2026-04-21,584.99,,1232.42,492.01,6.609984,,2316.0299840000002
2026-04-22,637.62,,990.59,272.8,10.000032,,1911.010032
2026-04-23,603.82125,,802.98,338.33,10.000032,,1755.1312819999998
2026-04-24,646.47,,667.59,193.97,10.000032,,1518.030032
2026-04-25,728.33,,522.28,502.07,10.070016,,1762.750016
2026-04-26,721.920625,,301.97,748.09,3.909984,,1775.890609
2026-04-27,668.51125,,1318.6499999999999,427.82,20.450015999999998,,2435.4312659999996
2026-04-28,679.675625,,1131.29,214.8,30.0,,2055.765625
2026-04-29,748.293125,,793.78,228.89000000000001,5.049984,,1776.013109
2026-04-30,613.5,,674.69,281.96,3.799968,,1573.9499680000001
2026-05-01,800.8456249999999,,1127.98,1105.1399999999999,30.0,,3063.965625
2026-05-02,967.05,,819.61,703.36,30.0,,2520.02
2026-05-03,774.59,,844.6899999999999,232.01,30.0,,1881.29
2026-05-04,640.52125,,715.41,91.76,30.0,,1477.69125
2026-05-05,553.33,,940.73,132.34,30.0,,1656.3999999999999
2026-05-06,509.08187499999997,,820.75,109.17999999999999,30.0,157.0,1626.011875
2026-05-07,477.08125,,700.8199999999999,83.84,30.0,141.96,1433.7012499999998
2026-05-08,388.075,,634.95,130.4,30.0,344.6,1528.025
2026-05-09,438.21,,526.51,138.02,9.580032000000001,302.5,1414.820032
2026-05-10,220.18875,,541.04,139.87,30.0,313.3,1244.39875
2026-05-11,451.65,,1135.01,353.67,10.000032,206.8,2157.130032
2026-05-12,625.54375,,2087.34,635.85,10.000032,394.0,3752.733782
2026-05-13,392.69,,979.28,324.21999999999997,15.0,142.4,1853.5900000000001
2026-05-14,314.13,,529.9,112.75,30.0,240.0,1226.78
2026-05-15,381.75,,631.25,91.01,25.000032,408.0,1537.010032
2026-05-16,269.27,,503.88,103.34,49.999967999999996,286.5,1212.9899679999999
2026-05-17,233.885,,558.65,111.95,49.999967999999996,312.5,1266.984968
2026-05-18,448.364375,,1000.86,139.41,30.0,392.5,2011.134375
2026-05-19,411.76187500000003,,1130.74,365.02,11.910048,132.3,2051.731923
2026-05-20,322.0975,,1211.32,217.42,30.0,129.1,1909.9375
2026-05-21,350.01,,886.3199999999999,326.25,15.0,279.9,1857.48
2026-05-22,370.1,,813.63,250.06,22.999968,115.8,1572.589968
2026-05-23,382.1825,,361.89,264.93,24.78,309.3,1343.0825
2026-05-24,576.1899999999999,,568.36,453.53,23.169984,321.6,1942.849984
2026-05-25,511.40125,,468.88,310.06,22.999968,228.4,1541.7412180000001
2026-05-26,600.85375,,867.61,361.75,25.999968,233.4,2089.613718
2026-05-27,738.6675,,1131.94,443.87,30.0,114.9,2459.3775
2026-05-28,629.53,,1613.41,282.56,30.0,116.0,2671.5
2026-05-29,620.0024999999999,,907.97,242.03,28.999968,117.2,1916.202468
2026-05-30,270.8525,,460.18,179.35,30.0,258.8,1199.1825000000001
2026-05-31,261.695,,255.27,144.67,30.0,120.1,811.735
2026-06-01,553.9375,,629.7,171.82,30.0,160.6,1546.0575
2026-06-02,508.64875,,805.6,359.0,30.0,107.3,1810.54875
2026-06-03,433.586875,,542.96,214.0,5.1,111.5,1307.146875
2026-06-04,329.4925,,289.02,169.04,30.0,93.4,910.9525
2026-06-05,447.124375,,381.14,208.25,30.0,103.6,1170.1143749999999
2026-06-06,375.9525,,325.8,117.72,30.0,161.6,1011.0725000000001
2026-06-07,274.28000000000003,,643.04,323.82,28.999968,209.4,1479.539968
2026-06-08,475.68,,527.8,143.99,30.0,104.80000000000001,1282.27
2026-06-09,532.49,,442.14,162.35999999999999,30.0,109.79,1276.78
2026-06-10,532.68375,,540.9399999999999,168.69,33.0,99.5,1374.81375
2026-06-11,410.95,,527.95,178.71,12.0,93.12,1222.73
2026-06-12,310.3725,,308.69,115.39,30.0,81.0,845.4525
2026-06-13,545.48125,,523.1899999999999,258.09,30.0,175.7,1532.4612499999998
2026-06-14,654.3199999999999,,482.55,256.45,30.0,252.52,1675.84
2026-06-15,732.65,,754.5,246.79,30.0,99.71000000000001,1863.65
2026-06-16,626.5675,,738.87,271.12,30.0,99.44,1765.9975
2026-06-17,475.59000000000003,,754.52,386.1,30.0,177.92,1824.13
2026-06-18,611.9375,,595.31,118.12,30.0,155.52,1510.8874999999998
2026-06-19,474.3125,,695.7,123.61,30.0,124.61,1448.2324999999998
2026-06-20,577.21,,657.3100000000001,113.41,30.0,137.73000000000002,1515.66
2026-06-21,584.99,,590.04,123.45,30.0,134.49,1462.97
2026-06-22,679.12,,674.4,196.75,30.0,135.99,1716.26
2026-06-23,978.32,,1082.95,223.72,30.0,128.22,2443.2099999999996
2026-06-24,880.86375,,820.18,243.03,30.0,137.65,2111.7237499999997
2026-06-25,917.985625,,1022.43,321.54,30.0,114.18,2406.135625
2026-06-26,893.29,,867.49,219.65,30.0,128.61,2139.04
2026-06-27,880.82,,844.67,232.87,49.999967999999996,132.06,2140.419968
2026-06-28,813.01,,842.8,101.82,179.7,143.41,2080.74
2026-06-29,895.2793750000001,,850.52,200.49,30.0,149.32,2125.609375
2026-06-30,876.37,,673.23,316.7,30.0,144.92000000000002,2041.22
2026-07-01,668.22,,764.91,347.21,57.239999999999995,133.95,1971.5300000000002
2026-07-02,624.03,,1030.73,337.38,28.540032,142.92000000000002,2163.600032
2026-07-03,638.45,,1111.0,255.17999999999998,15.0,147.77,2167.4
2026-07-04,874.225,,863.72,234.69,6.570048,150.15,2129.3550480000004
2026-07-05,613.215,,474.35,111.41,69.0,146.38,1414.355
2026-07-06,523.86,,1354.34,394.45,49.999967999999996,127.89,2450.5399679999996
2026-07-07,645.5,,1365.16,315.53,49.999967999999996,153.43,2529.619968
2026-07-08,603.649375,,1381.14,614.37,49.999967999999996,151.2,2800.359343
2026-07-09,533.9125,,900.78,487.6,69.0,155.06,2146.3525
2026-07-10,523.6999999999999,,727.86,300.01,30.0,142.08,1723.6499999999999
2026-07-11,393.43,,727.26,178.59,30.0,135.94,1465.22
2026-07-12,396.52,,1120.98,196.73,30.0,129.13,1873.3600000000001
2026-07-13,634.88,,1231.82,563.11,30.0,117.43,2577.24
2026-07-14,636.6800000000001,,1201.58,266.7,2.7,147.18,2254.8399999999997
2026-07-15,629.5,,894.55,495.9,70.000032,110.4,2200.350032
2026-07-16,611.25,,1116.49,382.5,300.009984,151.72,2561.9699839999994
2026-07-17,465.55,,770.48,269.68,69.0,144.93,1719.64
2026-07-18,343.34,,1209.97,209.93,10.000032,144.94,1918.180032
2026-07-19,335.49,,608.52,179.59,26.430048,109.80000000000001,1259.8300479999998
2026-07-20,519.03,,1022.11,331.71,69.0,109.39,2051.24
2026-07-21,508.629375,,1142.88,262.59,49.999967999999996,133.74,2097.839343
2026-07-22,582.81,,1965.29,416.51,49.999967999999996,155.71,3170.319968
2026-07-23,642.74875,,1346.82,420.42,198.930048,157.5,2766.418798
2026-07-24,580.18,,1511.3899999999999,174.35999999999999,34.999967999999996,157.74,2458.669968
2026-07-25,436.42,,1516.6,284.56,7.999968000000001,170.35,2415.929968
2026-07-26,305.06,,1023.99,314.85,7.999968000000001,139.2,1791.0999680000002
2026-07-27,690.42875,,1208.11,469.89,30.0,154.42,2552.84875
2026-07-28,762.5749999999999,,1576.69,1074.75,163.889952,108.88,3686.784952
2026-07-29,679.92,,1750.02,1026.38,269.450016,173.38,3899.1500160000005
2026-07-30,687.95,,956.4399999999999,501.95,305.260032,170.08,2621.6800319999998
2026-07-31,596.1700000000001,,877.72,423.39,34.999967999999996,175.10999999999999,2107.3899680000004
2026-08-01,509.756875,,1049.04,318.03,23.109984,167.44,2067.376859
2026-08-02,533.873125,,1173.55,232.63,30.0,140.26,2110.3131249999997
2026-08-03,605.96,,948.6,358.92,30.0,138.65,2082.13
2026-08-04,607.28125,,1430.5,639.38,49.999967999999996,149.88,2877.0412180000003
2026-08-05,676.0600000000001,,1914.47,519.75,30.0,150.31,3290.59
2026-08-06,623.535625,,1099.03,633.95,34.999967999999996,155.4,2546.915593
2026-08-07,591.350625,,903.45,442.8,27.54,177.13,2142.270625
2026-08-08,581.5600000000001,,1202.35,446.82,49.999967999999996,150.77,2431.499968
2026-08-09,632.9775,,1396.92,558.02,100.399968,149.62,2837.937468
2026-08-10,566.7575,,1043.8600000000001,423.73,97.59004800000001,148.88,2280.8175480000004
2026-08-11,687.71,,1136.45,803.42,72.0,120.26,2819.84
2026-08-12,659.89,,1155.77,769.29,311.750016,130.43,3027.1300159999996
2026-08-13,759.27375,,1808.19,772.66,259.999968,143.09,3743.213718
2026-08-14,901.450625,,1262.39,359.6,49.999967999999996,165.35,2738.7905929999997
2026-08-15,672.06625,,1005.69,399.06,6.259968000000001,166.68,2249.7562179999995
2026-08-16,941.27,,1273.18,586.88,30.0,145.63,2976.96
2026-08-17,797.0799999999999,,629.84,428.92,49.999967999999996,135.24,2041.0799680000002
2026-08-18,752.5699999999999,,910.3,638.54,44.949984,149.2,2495.5599839999995
2026-08-19,607.99,,983.25,429.59,90.0,145.35,2256.18
2026-08-20,550.58875,,1170.47,457.16,29.899968,124.91,2333.028718
2026-08-21,475.22375,,674.27,446.74,30.0,154.09,1780.32375
2026-08-22,516.64,,1239.57,248.82999999999998,30.0,152.07,2187.11
2026-08-23,605.6899999999999,,1204.01,316.4,7.999968000000001,131.96,2266.059968
2026-08-24,480.26,,1254.18,474.33,30.0,54.160000000000004,2292.93
2026-08-25,558.96375,,821.36,269.09000000000003,30.0,210.98,1890.3937500000002
2026-08-26,626.769375,,1343.73,918.53,28.710048,316.48,3234.219423
2026-08-27,509.47499999999997,,1287.9,1098.28,34.999967999999996,131.87,3062.5249679999997
2026-08-28,512.845625,,1219.11,510.41,70.000032,163.69,2476.055657
2026-08-29,556.89,,1351.3,363.36,2.7,50.61,2324.86
2026-08-30,426.7975,,993.16,195.16,48.36,69.88,1733.3575
2026-08-31,547.29,,1118.95,432.23,47.529984,54.79,2200.789984
2026-09-01,613.89,,887.78,598.38,70.000032,206.96,2377.010032
2026-09-02,568.63,,997.76,315.42,61.049952,212.94,2155.799952
2026-09-03,564.3100000000001,,1452.37,599.08,30.0,151.05,2796.81
2026-09-04,457.65,,1175.79,287.34,20.930016,142.96,2084.670016
2026-09-05,366.38,,1156.41,325.88,10.000032,196.39,2055.060032
2026-09-06,434.37,,1032.65,296.36,10.000032,158.8,1932.180032
2026-09-07,586.74,,1862.73,2223.71,30.0,87.66,4790.84
2026-09-08,610.9300000000001,,2323.4900000000002,1935.3,30.0,56.42,4956.14
2026-09-09,540.52,,1238.08,599.88,30.0,69.77,2478.25
2026-09-10,549.5225,,1260.41,578.21,48.079967999999994,73.4,2509.622468
2026-09-11,474.19125,,1132.91,425.06,70.000032,79.66,2181.821282
2026-09-12,546.76,,1520.9,218.91,30.0,122.21,2438.7799999999997
2026-09-13,550.31,,1347.33,253.73,21.870047999999997,192.7,2365.9400479999995
2026-09-14,699.08375,,1142.33,244.32,92.65996799999999,185.92,2364.313718
2026-09-15,771.25,,1263.48,257.36,127.05004799999999,189.67,2608.8100480000003
2026-09-16,563.9712499999999,,1095.42,466.04,36.72,135.88,2298.03125
2026-09-17,627.91,,1063.95,649.61,30.0,161.68,2533.15
2026-09-18,4.6875,,,,,,4.6875
